,Unnamed: 0,Kline open time,Coin,Open price,Daily Open price pct_change,High price,Daily High price pct_change,Low price,Daily Low price pct_change,Close price,Daily Close price pct_change,relative_strength
0,0,2022-11-04,MDX/USDT,0.1095,,0.1181,,0.1064,,0.1155,,
1,1,2022-11-05,MDX/USDT,0.1155,0.0547945205479452,0.1194,0.0110076206604572,0.1112,0.0451127819548871,0.1121,-0.0294372294372294,-4.126972724546495
2,2,2022-11-06,MDX/USDT,0.112,-0.0303030303030302,0.1287,0.0778894472361808,0.1085,-0.0242805755395683,0.1141,0.0178412132024976,-0.9649980986030281
3,3,2022-11-07,MDX/USDT,0.1141,0.0187499999999998,0.142,0.1033411033411031,0.1125,0.0368663594470046,0.113,-0.0096406660823837,0.640940423083349
4,4,2022-11-08,MDX/USDT,0.113,-0.0096406660823837,0.1144,-0.1943661971830985,0.0745,-0.3377777777777778,0.0852,-0.2460176991150443,2.478488392181008
5,5,2022-11-09,MDX/USDT,0.0851,-0.2469026548672567,0.0876,-0.2342657342657342,0.0666,-0.1060402684563757,0.0682,-0.1995305164319248,1.4101166658849158
6,6,2022-11-10,MDX/USDT,0.0682,-0.1985898942420682,0.0835,-0.0468036529680364,0.0676,0.0150150150150147,0.0808,0.1847507331378299,1.752774063130454
7,7,2022-11-11,MDX/USDT,0.0808,0.1847507331378299,0.0813,-0.0263473053892216,0.0717,0.0606508875739646,0.0744,-0.0792079207920792,2.6263101783013862
8,8,2022-11-12,MDX/USDT,0.0744,-0.0792079207920792,0.0746,-0.082410824108241,0.0684,-0.0460251046025104,0.0704,-0.0537634408602148,3.554035558031757
9,9,2022-11-13,MDX/USDT,0.0704,-0.0537634408602148,0.087,0.166219839142091,0.0695,0.0160818713450292,0.0742,0.0539772727272727,-1.8818203497765127
10,10,2022-11-14,MDX/USDT,0.0741,0.0525568181818181,0.1206,0.3862068965517242,0.0714,0.0273381294964027,0.1048,0.412398921832884,23.2533839773931
11,11,2022-11-15,MDX/USDT,0.1046,0.4116059379217274,0.113,-0.0630182421227196,0.0889,0.2450980392156863,0.0904,-0.1374045801526718,-8.12347452479143
12,12,2022-11-16,MDX/USDT,0.0904,-0.135755258126195,0.0916,-0.1893805309734513,0.0853,-0.0404949381327335,0.088,-0.0265486725663717,1.8867486611792783
13,13,2022-11-17,MDX/USDT,0.0878,-0.0287610619469025,0.0921,0.0054585152838428,0.0842,-0.0128956623681125,0.0851,-0.0329545454545454,-18.426633618057295
14,14,2022-11-18,MDX/USDT,0.0851,-0.0307517084282461,0.0884,-0.040173724212812,0.0806,-0.0427553444180521,0.0813,-0.044653349001175,-94.47131906251867
15,15,2022-11-19,MDX/USDT,0.0814,-0.0434782608695651,0.084,-0.0497737556561086,0.0789,-0.021091811414392,0.082,0.0086100861008611,625.1839670609774
16,16,2022-11-20,MDX/USDT,0.082,0.0073710073710073,0.0898,0.069047619047619,0.075,-0.0494296577946767,0.0752,-0.0829268292682926,3.293933735341626
17,17,2022-11-21,MDX/USDT,0.0752,-0.0829268292682926,0.1179,0.3129175946547884,0.0716,-0.0453333333333333,0.085,0.1303191489361703,-4.252266240600306
18,18,2022-11-22,MDX/USDT,0.0851,0.1316489361702126,0.0955,-0.189991518235793,0.0816,0.1396648044692738,0.0841,-0.0105882352941177,-0.3749489773694766
19,19,2022-11-23,MDX/USDT,0.084,-0.0129259694477084,0.0928,-0.0282722513089006,0.083,0.0171568627450979,0.0867,0.0309155766944115,1.3336130156195767
20,20,2022-11-24,MDX/USDT,0.0866,0.0309523809523808,0.0916,-0.0129310344827585,0.0854,0.0289156626506024,0.0861,-0.0069204152249134,27.620292121375233
21,21,2022-11-25,MDX/USDT,0.0861,-0.0057736720554272,0.0949,0.0360262008733625,0.0834,-0.0234192037470726,0.0879,0.0209059233449477,-4.5178541375682
22,22,2022-11-26,MDX/USDT,0.0878,0.0197444831591173,0.1092,0.1506849315068494,0.0869,0.0419664268585131,0.0977,0.111490329920364,-28.976857630808272
23,23,2022-11-27,MDX/USDT,0.0979,0.1150341685649203,0.1034,-0.0531135531135531,0.0907,0.0437284234752588,0.0917,-0.0614124872057317,33.92956426819958
24,24,2022-11-28,MDX/USDT,0.0917,-0.0633299284984677,0.0927,-0.1034816247582205,0.0837,-0.0771775082690188,0.0878,-0.0425299890948746,3.2367435690095916
25,25,2022-11-29,MDX/USDT,0.0879,-0.0414394765539803,0.1017,0.0970873786407766,0.086,0.027479091995221,0.0931,0.0603644646924828,4.262188107557763
26,26,2022-11-30,MDX/USDT,0.0933,0.0614334470989759,0.0977,-0.0393313667649951,0.0903,0.05,0.0937,0.0064446831364124,0.14694969673275204
27,27,2022-12-01,MDX/USDT,0.0934,0.0010718113612004,0.0944,-0.0337768679631524,0.0883,-0.0221483942414175,0.0899,-0.040554962646745,3.7368914966563724
28,28,2022-12-02,MDX/USDT,0.09,-0.0364025695931478,0.092,-0.0254237288135593,0.087,-0.0147225368063421,0.0901,0.0022246941045607,0.32737674395375943
29,29,2022-12-03,MDX/USDT,0.0902,0.0022222222222223,0.0938,0.0195652173913043,0.0885,0.0172413793103447,0.0892,-0.0099889012208657,0.8226736602772463
30,30,2022-12-04,MDX/USDT,0.0892,-0.0110864745011086,0.0903,-0.0373134328358207,0.0878,-0.0079096045197739,0.0899,0.0078475336322869,0.6009395686525679
31,31,2022-12-05,MDX/USDT,0.09,0.0089686098654708,0.0931,0.0310077519379845,0.0894,0.0182232346241457,0.0912,0.0144605116796441,-1.7750783971186603
32,32,2022-12-06,MDX/USDT,0.0913,0.0144444444444444,0.0988,0.0612244897959184,0.0893,-0.001118568232662,0.0924,0.013157894736842,1.8207442082082814
33,33,2022-12-07,MDX/USDT,0.0924,0.0120481927710842,0.0933,-0.055668016194332,0.0869,-0.0268756998880178,0.0892,-0.0346320346320345,2.3455352510520444
34,34,2022-12-08,MDX/USDT,0.089,-0.0367965367965368,0.0912,-0.0225080385852088,0.0877,0.0092059838895282,0.0895,0.0033632286995515,0.1461453333299355
35,35,2022-12-09,MDX/USDT,0.0895,0.0056179775280897,0.0927,0.0164473684210526,0.0881,0.0045610034207526,0.0888,-0.0078212290502792,1.410023354458015
36,36,2022-12-10,MDX/USDT,0.0887,-0.0089385474860335,0.0892,-0.0377562028047465,0.0877,-0.0045402951191827,0.0882,-0.0067567567567567,108.16216216211437
37,37,2022-12-11,MDX/USDT,0.0882,-0.0056369785794814,0.0888,-0.0044843049327354,0.0859,-0.0205245153933865,0.0865,-0.0192743764172336,7.778550644259939
38,38,2022-12-12,MDX/USDT,0.0864,-0.020408163265306,0.0865,-0.025900900900901,0.0817,-0.0488940628637951,0.0832,-0.0381502890173409,-5.223590281901907
39,39,2022-12-13,MDX/USDT,0.0832,-0.037037037037037,0.0848,-0.0196531791907513,0.0789,-0.0342717258261933,0.0826,-0.0072115384615383,-0.2197131215351078
40,40,2022-12-14,MDX/USDT,0.0826,-0.0072115384615383,0.085,0.0023584905660378,0.0816,0.0342205323193918,0.0822,-0.0048426150121066,-3.0255194747166603
41,41,2022-12-15,MDX/USDT,0.0822,-0.0048426150121066,0.0828,-0.0258823529411765,0.0798,-0.0220588235294119,0.08,-0.0267639902676398,1.0664115246599912
42,42,2022-12-16,MDX/USDT,0.0799,-0.0279805352798052,0.0818,-0.0120772946859903,0.0731,-0.0839598997493734,0.0738,-0.0775,1.8573311286625593
43,43,2022-12-17,MDX/USDT,0.0738,-0.076345431789737,0.0753,-0.0794621026894865,0.0719,-0.0164158686730505,0.0735,-0.0040650406504065,-0.4682149854739541
44,44,2022-12-18,MDX/USDT,0.0735,-0.0040650406504065,0.0757,0.0053120849933598,0.072,0.0013908205841444,0.0725,-0.0136054421768707,5.958025914620493
45,45,2022-12-19,MDX/USDT,0.0725,-0.0136054421768707,0.0846,0.1175693527080579,0.0718,-0.0027777777777776,0.0733,0.0110344827586208,-0.6170363466915317
46,46,2022-12-20,MDX/USDT,0.0733,0.0110344827586208,0.0773,-0.0862884160756501,0.0729,0.0153203342618384,0.0746,0.0177353342428376,0.6384098961590156
47,47,2022-12-21,MDX/USDT,0.0746,0.0177353342428376,0.0761,-0.0155239327296247,0.0727,-0.0027434842249657,0.0729,-0.0227882037533511,5.431223921666731
48,48,2022-12-22,MDX/USDT,0.073,-0.0214477211796246,0.0743,-0.0236530880420499,0.0719,-0.0110041265474551,0.0727,-0.0027434842249657,14.246363189908323
49,49,2022-12-23,MDX/USDT,0.0728,-0.0027397260273971,0.0756,0.0174966352624494,0.0725,0.0083449235048678,0.0733,0.0082530949105914,-3.2338424952683678
50,50,2022-12-24,MDX/USDT,0.0733,0.0068681318681318,0.0754,-0.0026455026455026,0.0731,0.0082758620689655,0.0747,0.019099590723056,5.561653643644533
51,51,2022-12-25,MDX/USDT,0.0745,0.0163710777626193,0.0756,0.0026525198938993,0.0735,0.0054719562243501,0.0737,-0.0133868808567604,56.20526995768019
52,52,2022-12-26,MDX/USDT,0.0738,-0.0093959731543623,0.0752,-0.0052910052910052,0.0732,-0.0040816326530611,0.0741,0.005427408412483,1.0466857861347532
53,53,2022-12-27,MDX/USDT,0.0741,0.0040650406504063,0.0747,-0.0066489361702127,0.073,-0.0027322404371585,0.0735,-0.0080971659919029,0.643097729482909
54,54,2022-12-28,MDX/USDT,0.0736,-0.0067476383265856,0.0737,-0.0133868808567604,0.0689,-0.0561643835616437,0.0693,-0.057142857142857,6.00219517671895
55,55,2022-12-29,MDX/USDT,0.0693,-0.0584239130434782,0.071,-0.0366350067842605,0.0686,-0.0043541364296082,0.069,-0.0043290043290042,-0.8313994501320064
56,56,2022-12-30,MDX/USDT,0.069,-0.0043290043290042,0.0697,-0.0183098591549295,0.0683,-0.0043731778425655,0.0687,-0.0043478260869566,2.782586948157386
57,57,2022-12-31,MDX/USDT,0.0687,-0.0043478260869566,0.0747,0.0717360114777618,0.0683,0.0,0.0693,0.0087336244541484,-2.228695351103025
58,58,2023-01-01,MDX/USDT,0.0694,0.0101892285298399,0.07,-0.0629183400267736,0.0683,0.0,0.0689,-0.0057720057720057,-1.2842344086459905
59,59,2023-01-02,MDX/USDT,0.069,-0.0057636887608069,0.073,0.0428571428571427,0.0681,-0.0029282576866764,0.0706,0.0246734397677792,7.305637567021491
60,60,2023-01-03,MDX/USDT,0.0704,0.0202898550724637,0.0721,-0.0123287671232876,0.07,0.0279001468428783,0.0708,0.0028328611898018,20.4467213617374
61,61,2023-01-04,MDX/USDT,0.071,0.008522727272727,0.0732,0.015256588072122,0.071,0.014285714285714,0.0722,0.0197740112994349,1.8822650858551637
62,62,2023-01-05,MDX/USDT,0.0722,0.0169014084507044,0.073,-0.0027322404371585,0.0706,-0.0056338028169014,0.0712,-0.0138504155124653,12.60856226551084
63,63,2023-01-06,MDX/USDT,0.0711,-0.0152354570637119,0.0718,-0.0164383561643834,0.0693,-0.0184135977337109,0.0716,0.0056179775280897,0.7959676351529955
64,64,2023-01-07,MDX/USDT,0.0717,0.0084388185654009,0.072,0.0027855153203342,0.0708,0.0216450216450216,0.0711,-0.0069832402234636,16.718991651670922
65,65,2023-01-08,MDX/USDT,0.0712,-0.00697350069735,0.0723,0.0041666666666668,0.0705,-0.0042372881355933,0.0719,0.0112517580872013,1.0346518548440145
66,66,2023-01-09,MDX/USDT,0.0719,0.0098314606741574,0.0755,0.0442600276625171,0.0718,0.0184397163120568,0.0739,0.0278164116828927,9.447447362971257
67,67,2023-01-10,MDX/USDT,0.074,0.0292072322670373,0.0812,0.0754966887417218,0.0726,0.0111420612813368,0.0751,0.016238159675237,1.063046222647626
68,68,2023-01-11,MDX/USDT,0.0751,0.0148648648648648,0.0762,-0.0615763546798028,0.0738,0.0165289256198348,0.0758,0.0093209054593874,0.32344357940573043
69,69,2023-01-12,MDX/USDT,0.0758,0.0093209054593874,0.0773,0.0144356955380575,0.0749,0.0149051490514904,0.0766,0.0105540897097624,0.20963378467675284
70,70,2023-01-13,MDX/USDT,0.0765,0.0092348284960421,0.0783,0.0129366106080206,0.0757,0.0106809078771696,0.0774,0.0104438642297648,0.18168114941984873
71,71,2023-01-14,MDX/USDT,0.0775,0.0130718954248365,0.0838,0.070242656449553,0.0775,0.0237780713342139,0.0811,0.0478036175710594,0.9295709635259597
72,72,2023-01-15,MDX/USDT,0.0811,0.0464516129032259,0.0826,-0.0143198090692123,0.0787,0.015483870967742,0.0814,0.0036991368680641,-0.9292150220490902
73,73,2023-01-16,MDX/USDT,0.0812,0.0012330456226878,0.0948,0.1476997578692491,0.0789,0.0025412960609909,0.0886,0.0884520884520885,5.876580500167916
74,74,2023-01-17,MDX/USDT,0.0886,0.0911330049261083,0.098,0.0337552742616034,0.0854,0.082382762991128,0.0863,-0.0259593679458238,10.817586221901228
75,75,2023-01-18,MDX/USDT,0.0863,-0.0259593679458238,0.0873,-0.1091836734693877,0.0788,-0.0772833723653396,0.0791,-0.0834298957126303,3.8555013648626084
76,76,2023-01-19,MDX/USDT,0.0791,-0.0834298957126303,0.0823,-0.0572737686139748,0.0782,-0.0076142131979693,0.0823,0.0404551201011378,2.122474201354098
77,77,2023-01-20,MDX/USDT,0.0822,0.0391908975979771,0.0855,0.0388821385176185,0.0812,0.0383631713554986,0.0854,0.0376670716889429,0.4974273894348359
78,78,2023-01-21,MDX/USDT,0.0853,0.037712895377129,0.089,0.0409356725146197,0.0841,0.0357142857142858,0.0844,-0.0117096018735363,-2.2814509599779655
79,79,2023-01-22,MDX/USDT,0.0844,-0.0105509964830011,0.09,0.0112359550561798,0.0837,-0.0047562425683709,0.0859,0.0177725118483411,-5.351141962763188
80,80,2023-01-23,MDX/USDT,0.0859,0.0177725118483411,0.0965,0.0722222222222221,0.0854,0.0203106332138591,0.0907,0.0558789289871943,6.083770503762473
81,81,2023-01-24,MDX/USDT,0.0908,0.0570430733410942,0.0998,0.0341968911917098,0.0896,0.0491803278688525,0.0939,0.0352811466372655,-2.8513141234855666
82,82,2023-01-25,MDX/USDT,0.0939,0.0341409691629954,0.102,0.0220440881763526,0.0893,-0.0033482142857141,0.0915,-0.0255591054313099,-1.3514225481257869
83,83,2023-01-26,MDX/USDT,0.0915,-0.0255591054313099,0.0937,-0.0813725490196077,0.0908,0.0167973124300111,0.0918,0.0032786885245903,-1.4741594724950808
84,84,2023-01-27,MDX/USDT,0.0916,0.0010928961748635,0.0929,-0.008537886872999,0.0889,-0.0209251101321585,0.0909,-0.0098039215686275,-3.4968966659676695
85,85,2023-01-28,MDX/USDT,0.0909,-0.0076419213973799,0.0934,0.0053821313240043,0.0902,0.014623172103487,0.0912,0.0033003300330034,-1.4769655398433765
86,86,2023-01-29,MDX/USDT,0.0912,0.0033003300330034,0.0931,-0.0032119914346894,0.09,-0.0022172949002218,0.0916,0.0043859649122806,0.14030334276708517
87,87,2023-01-30,MDX/USDT,0.0915,0.0032894736842103,0.0921,-0.0107411385606874,0.0854,-0.0511111111111109,0.0882,-0.037117903930131,0.9619215308414063
88,88,2023-01-31,MDX/USDT,0.0883,-0.0349726775956283,0.0977,0.0608034744842562,0.0875,0.0245901639344261,0.0908,0.0294784580498865,2.250584337465456
89,89,2023-02-01,MDX/USDT,0.0906,0.0260475651189127,0.0922,-0.0562947799385874,0.0867,-0.0091428571428571,0.0919,0.0121145374449338,0.4611299084884096
90,90,2023-02-02,MDX/USDT,0.0919,0.0143487858719646,0.095,0.0303687635574836,0.091,0.04959630911188,0.0923,0.0043525571273121,-0.4238378402801342
91,91,2023-02-03,MDX/USDT,0.0923,0.0043525571273121,0.0956,0.0063157894736842,0.0917,0.0076923076923076,0.0945,0.0238353196099676,-9.815329456511177
92,92,2023-02-04,MDX/USDT,0.0943,0.0216684723726976,0.0964,0.0083682008368199,0.0931,0.0152671755725191,0.0946,0.0010582010582009,-0.23601429064970236
93,93,2023-02-05,MDX/USDT,0.0946,0.0031813361611878,0.1111,0.1524896265560167,0.0936,0.0053705692803436,0.097,0.025369978858351,-1.502301011936479
94,94,2023-02-06,MDX/USDT,0.097,0.025369978858351,0.1041,-0.063006300630063,0.0952,0.017094017094017,0.0966,-0.0041237113402061,0.5550132110506942
95,95,2023-02-07,MDX/USDT,0.0964,-0.0061855670103093,0.1028,-0.0124879923150815,0.0951,-0.0010504201680672,0.1021,0.0569358178053829,2.711643075514478
96,96,2023-02-08,MDX/USDT,0.1021,0.0591286307053942,0.1025,-0.0029182879377432,0.0951,0.0,0.0971,-0.0489715964740449,4.101933356127696
97,97,2023-02-09,MDX/USDT,0.0971,-0.0489715964740449,0.0974,-0.0497560975609755,0.088,-0.0746582544689801,0.0893,-0.0803295571575695,1.5811148339341414
98,98,2023-02-10,MDX/USDT,0.0893,-0.0803295571575695,0.0969,-0.0051334702258727,0.0884,0.0045454545454546,0.0919,0.0291153415453526,-3.707689732951924
99,99,2023-02-11,MDX/USDT,0.0921,0.0313549832026875,0.0927,-0.0433436532507739,0.0901,0.0192307692307691,0.092,0.001088139281828,0.09913725444891329
100,100,2023-02-12,MDX/USDT,0.092,-0.001085776330076,0.0929,0.0021574973031281,0.0893,-0.0088790233074361,0.0898,-0.0239130434782608,6.616885314462235
101,101,2023-02-13,MDX/USDT,0.0899,-0.0228260869565217,0.0912,-0.0182992465016145,0.0849,-0.0492721164613662,0.0872,-0.0289532293986637,65.90426653449734
102,102,2023-02-14,MDX/USDT,0.087,-0.032258064516129,0.0902,-0.0109649122807017,0.0859,0.0117785630153122,0.0901,0.033256880733945,1.700364720206877
103,103,2023-02-15,MDX/USDT,0.0901,0.035632183908046,0.0961,0.065410199556541,0.0887,0.0325960419091966,0.0949,0.053274139844617,0.5567610456066595
104,104,2023-02-16,MDX/USDT,0.0948,0.0521642619311875,0.099,0.0301768990634756,0.0917,0.0338218714768883,0.0919,-0.0316122233930453,0.9536260618153959
105,105,2023-02-17,MDX/USDT,0.0917,-0.0327004219409281,0.0981,-0.009090909090909,0.0909,-0.0087241003271538,0.0966,0.0511425462459196,1.1430326278912708
106,106,2023-02-18,MDX/USDT,0.0965,0.0523446019629225,0.098,-0.001019367991845,0.0949,0.0440044004400439,0.0967,0.0010351966873705,0.4103703057888686
107,107,2023-02-19,MDX/USDT,0.0966,0.0010362694300518,0.1188,0.2122448979591835,0.0955,0.0063224446786092,0.1078,0.1147880041365048,-7.84989138646318
108,108,2023-02-20,MDX/USDT,0.1077,0.1149068322981365,0.1243,0.0462962962962962,0.1047,0.0963350785340313,0.1199,0.1122448979591836,4.775929500893665
109,109,2023-02-21,MDX/USDT,0.1196,0.1104921077065923,0.1225,-0.0144810941271118,0.0994,-0.0506208213944603,0.1081,-0.0984153461217681,6.26821277670545
110,110,2023-02-22,MDX/USDT,0.1081,-0.0961538461538461,0.1089,-0.1110204081632653,0.0992,-0.0020120724346076,0.1033,-0.0444033302497687,4.022068293388373
111,111,2023-02-23,MDX/USDT,0.1033,-0.0444033302497687,0.124,0.1386593204775024,0.0983,-0.0090725806451612,0.1125,0.0890609874152952,-8.89918392002001
112,112,2023-02-24,MDX/USDT,0.1125,0.0890609874152952,0.1314,0.0596774193548386,0.105,0.0681586978636825,0.1059,-0.0586666666666667,1.860475729998721
113,113,2023-02-25,MDX/USDT,0.1059,-0.0586666666666667,0.1108,-0.156773211567732,0.0991,-0.0561904761904762,0.1027,-0.0302171860245513,24.826159495506758
114,114,2023-02-26,MDX/USDT,0.1028,-0.0292728989612841,0.1052,-0.0505415162454873,0.1014,0.0232088799192735,0.1033,0.0058422590068158,0.3401116214464392
115,115,2023-02-27,MDX/USDT,0.1035,0.0068093385214007,0.1042,-0.0095057034220532,0.098,-0.0335305719921104,0.0995,-0.036786060019361,13.806407358939715
116,116,2023-02-28,MDX/USDT,0.0995,-0.038647342995169,0.0997,-0.0431861804222649,0.0946,-0.0346938775510203,0.0949,-0.0462311557788945,3.0984436618789655
117,117,2023-03-01,MDX/USDT,0.0947,-0.0482412060301506,0.1006,0.0090270812437311,0.0947,0.0010570824524314,0.098,0.0326659641728135,1.5509677811297888
118,118,2023-03-02,MDX/USDT,0.0982,0.0369588173178456,0.0997,-0.0089463220675943,0.0936,-0.0116156282998944,0.095,-0.0306122448979592,4.420017209450223
119,119,2023-03-03,MDX/USDT,0.095,-0.0325865580448064,0.0953,-0.0441323971915746,0.0873,-0.0673076923076922,0.0885,-0.068421052631579,1.4451402318105164
120,120,2023-03-04,MDX/USDT,0.0886,-0.0673684210526316,0.0941,-0.0125918153200419,0.0885,0.0137457044673539,0.0902,0.0192090395480226,-55.26453038997113
121,121,2023-03-05,MDX/USDT,0.0903,0.0191873589164786,0.0924,-0.0180658873538789,0.0887,0.0022598870056498,0.089,-0.0133037694013304,-3.55316856926845
122,122,2023-03-06,MDX/USDT,0.0891,-0.0132890365448505,0.0893,-0.0335497835497834,0.0871,-0.0180383314543405,0.0889,-0.0011235955056178,1.2451836390280355
123,123,2023-03-07,MDX/USDT,0.089,-0.0011223344556677,0.0949,0.0627099664053749,0.0864,-0.0080367393800229,0.0914,0.028121484814398,-2.972092410350223
124,124,2023-03-08,MDX/USDT,0.0915,0.0280898876404493,0.092,-0.030558482613277,0.0844,-0.0231481481481481,0.0852,-0.0678336980306345,3.057276284285117
125,125,2023-03-09,MDX/USDT,0.0852,-0.0688524590163934,0.0865,-0.0597826086956522,0.0786,-0.0687203791469194,0.0791,-0.0715962441314553,1.1569422590645304
126,126,2023-03-10,MDX/USDT,0.0791,-0.0715962441314553,0.0791,-0.0855491329479767,0.07,-0.10941475826972,0.0754,-0.0467762326169406,4.502755823369356
127,127,2023-03-11,MDX/USDT,0.0754,-0.0467762326169406,0.077,-0.0265486725663717,0.0707,0.0099999999999997,0.0729,-0.0331564986737399,-2.190290867623731
128,128,2023-03-12,MDX/USDT,0.0729,-0.0331564986737399,0.0788,0.0233766233766232,0.0709,0.0028288543140029,0.0782,0.0727023319615911,0.9648362331006471
129,129,2023-03-13,MDX/USDT,0.0784,0.0754458161865567,0.0831,0.0545685279187817,0.077,0.0860366713681239,0.0809,0.0345268542199488,0.3588649481093475
130,130,2023-03-14,MDX/USDT,0.081,0.0331632653061224,0.087,0.0469314079422382,0.0793,0.0298701298701298,0.086,0.0630407911001236,2.729486390348896
131,131,2023-03-15,MDX/USDT,0.0861,0.0629629629629628,0.0874,0.0045977011494253,0.0784,-0.0113493064312736,0.0799,-0.0709302325581394,4.548090756607299
132,132,2023-03-16,MDX/USDT,0.08,-0.0708478513356561,0.0812,-0.0709382151029749,0.0779,-0.0063775510204081,0.0795,-0.0050062578222778,-0.17049062618378316
133,133,2023-03-17,MDX/USDT,0.0796,-0.005,0.0853,0.0504926108374386,0.0775,-0.0051347881899871,0.085,0.0691823899371069,0.7217123316343393
134,134,2023-03-18,MDX/USDT,0.0849,0.0665829145728642,0.0977,0.145369284876905,0.0838,0.0812903225806451,0.0924,0.0870588235294116,-4.890878082674296
135,135,2023-03-19,MDX/USDT,0.0923,0.0871613663133097,0.0988,0.0112589559877176,0.0894,0.0668257756563244,0.0903,-0.0227272727272725,-0.5740053911621769
136,136,2023-03-20,MDX/USDT,0.0902,-0.0227518959913325,0.0957,-0.0313765182186235,0.0868,-0.0290827740492168,0.087,-0.036544850498339,3.9954051127940002
137,137,2023-03-21,MDX/USDT,0.0872,-0.033259423503326,0.0901,-0.0585161964472308,0.0858,-0.0115207373271889,0.0883,0.0149425287356323,1.066164388587777
138,138,2023-03-22,MDX/USDT,0.0882,0.0114678899082569,0.0883,-0.0199778024417314,0.0811,-0.0547785547785547,0.083,-0.0600226500566251,1.974212744864807
139,139,2023-03-23,MDX/USDT,0.0829,-0.0600907029478458,0.0863,-0.0226500566251416,0.0827,0.0197287299630084,0.0851,0.0253012048192768,0.6601455071559563
140,140,2023-03-24,MDX/USDT,0.0851,0.0265379975874546,0.0853,-0.0115874855156431,0.0813,-0.0169286577992744,0.0821,-0.0352526439482959,1.1861583633803328
141,141,2023-03-25,MDX/USDT,0.0823,-0.0329024676850763,0.088,0.0316529894490034,0.0801,-0.0147601476014759,0.086,0.0475030450669913,153.79374123832773
142,142,2023-03-26,MDX/USDT,0.086,0.0449574726609962,0.0914,0.0386363636363635,0.0847,0.0574282147315854,0.0847,-0.0151162790697674,-0.8218919348229456
143,143,2023-03-27,MDX/USDT,0.0848,-0.0139534883720929,0.0876,-0.0415754923413566,0.0805,-0.049586776859504,0.0815,-0.0377804014167649,1.2532250348034182
144,144,2023-03-28,MDX/USDT,0.0814,-0.0400943396226415,0.0826,-0.0570776255707761,0.0791,-0.017391304347826,0.0818,0.003680981595092,0.7333012226683817
145,145,2023-03-29,MDX/USDT,0.0819,0.0061425061425062,0.0851,0.0302663438256656,0.0817,0.0328697850821744,0.0849,0.0378973105134474,0.949970331594375
146,146,2023-03-30,MDX/USDT,0.0849,0.0366300366300367,0.0856,0.0058754406580494,0.0821,0.0048959608323135,0.0829,-0.0235571260306243,2.086454659892398
147,147,2023-03-31,MDX/USDT,0.0831,-0.0212014134275619,0.0852,-0.0046728971962616,0.0808,-0.0158343483556638,0.0844,0.0180940892641736,1.1609796116648783
148,148,2023-04-01,MDX/USDT,0.0845,0.0168471720818292,0.0875,0.0269953051643192,0.0837,0.0358910891089108,0.085,0.0071090047393365,-16.02219945739628
149,149,2023-04-02,MDX/USDT,0.085,0.0059171597633136,0.0869,-0.0068571428571427,0.083,-0.0083632019115889,0.0845,-0.0058823529411764,0.5959161147902758
150,150,2023-04-03,MDX/USDT,0.0845,-0.0058823529411764,0.0846,-0.0264672036823936,0.0801,-0.0349397590361445,0.0818,-0.0319526627218935,2.420647700419596
151,151,2023-04-04,MDX/USDT,0.0818,-0.0319526627218935,0.0848,0.0023640661938535,0.0813,0.0149812734082395,0.0838,0.0244498777506112,1.8598150367115998
152,152,2023-04-05,MDX/USDT,0.0838,0.0244498777506112,0.0858,0.0117924528301887,0.0828,0.0184501845018449,0.0852,0.0167064439140811,103.64423895793371
153,153,2023-04-06,MDX/USDT,0.0851,0.0155131264916468,0.0852,-0.0069930069930069,0.0823,-0.0060386473429951,0.0831,-0.0246478873239437,5.098254147840304
154,154,2023-04-07,MDX/USDT,0.083,-0.0246768507638072,0.0834,-0.0211267605633802,0.082,-0.0036452004860266,0.0829,-0.0024067388688325,0.5292186386058227
155,155,2023-04-08,MDX/USDT,0.0829,-0.0012048192771084,0.0876,0.0503597122302157,0.0824,0.0048780487804878,0.0865,0.0434258142340167,37.81139165470224
156,156,2023-04-09,MDX/USDT,0.0865,0.0434258142340167,0.095,0.0844748858447488,0.085,0.0315533980582525,0.088,0.0173410404624276,1.2571502881173915
157,157,2023-04-10,MDX/USDT,0.0881,0.0184971098265895,0.0912,-0.0399999999999999,0.0858,0.0094117647058822,0.0877,-0.0034090909090908,-0.07350772143856456
158,158,2023-04-11,MDX/USDT,0.0877,-0.0045402951191827,0.0943,0.0339912280701752,0.0876,0.0209790209790208,0.092,0.0490307867730901,2.580702738619005
159,159,2023-04-12,MDX/USDT,0.0921,0.0501710376282782,0.1055,0.1187698833510073,0.087,-0.0068493150684931,0.0893,-0.0293478260869564,2.8375753927102445
160,160,2023-04-13,MDX/USDT,0.0893,-0.0304017372421281,0.0938,-0.1109004739336493,0.0879,0.010344827586207,0.0899,0.0067189249720043,0.4133966689750561
161,161,2023-04-14,MDX/USDT,0.09,0.0078387458006718,0.0927,-0.0117270788912579,0.0887,0.0091012514220705,0.0913,0.0155728587319246,5.081185083962653
162,162,2023-04-15,MDX/USDT,0.0913,0.0144444444444444,0.0934,0.0075512405609492,0.0898,0.0124013528748592,0.0923,0.0109529025191674,-1.9419303674831099
163,163,2023-04-16,MDX/USDT,0.0922,0.0098576122672509,0.0943,0.0096359743040685,0.0909,0.0122494432071267,0.093,0.0075839653304443,24.03314981617683
164,164,2023-04-17,MDX/USDT,0.093,0.0086767895878523,0.093,-0.0137857900318133,0.09,-0.0099009900990099,0.091,-0.021505376344086,0.7453428752096409
165,165,2023-04-18,MDX/USDT,0.0909,-0.0225806451612903,0.0942,0.0129032258064516,0.0906,0.0066666666666665,0.0931,0.0230769230769232,0.7151010559975184
166,166,2023-04-19,MDX/USDT,0.093,0.023102310231023,0.0932,-0.0106157112526539,0.0845,-0.0673289183222957,0.0853,-0.0837808807733619,1.607965074264199
167,167,2023-04-20,MDX/USDT,0.0852,-0.0838709677419354,0.0867,-0.0697424892703862,0.0815,-0.0355029585798817,0.0831,-0.0257913247362251,1.341973724024845
168,168,2023-04-21,MDX/USDT,0.0831,-0.0246478873239437,0.0836,-0.035755478662053,0.0788,-0.0331288343558283,0.0794,-0.0445246690734054,1.2821435035073936
169,169,2023-04-22,MDX/USDT,0.0794,-0.0445246690734054,0.0817,-0.0227272727272727,0.0788,0.0,0.0815,0.026448362720403,1.3015243066159774
170,170,2023-04-23,MDX/USDT,0.0815,0.026448362720403,0.0816,-0.0012239902080781,0.0791,0.0038071065989848,0.08,-0.0184049079754601,2.26283564383282
171,171,2023-04-24,MDX/USDT,0.0801,-0.0171779141104294,0.0809,-0.0085784313725491,0.0794,0.0037926675094817,0.0806,0.0075,-2.5973327475838897
172,172,2023-04-25,MDX/USDT,0.0806,0.0062421972534332,0.0809,0.0,0.0786,-0.0100755667506297,0.0804,-0.0024813895781637,-0.08642713264071004
173,173,2023-04-26,MDX/USDT,0.0805,-0.0012406947890819,0.0843,0.0420271940667491,0.0773,-0.0165394402035624,0.0789,-0.0186567164179104,-4.6113520823829
174,174,2023-04-27,MDX/USDT,0.0788,-0.0211180124223603,0.0824,-0.0225385527876631,0.0781,0.0103492884864166,0.0808,0.0240811153358682,0.6470778414647487
175,175,2023-04-28,MDX/USDT,0.0808,0.0253807106598984,0.0809,-0.0182038834951456,0.078,-0.0012804097311139,0.0793,-0.0185643564356435,3.396926848114125
176,176,2023-04-29,MDX/USDT,0.0793,-0.0185643564356435,0.0818,0.011124845488257,0.079,0.0128205128205127,0.0813,0.0252206809583859,-9.098597342128434
177,177,2023-04-30,MDX/USDT,0.0813,0.0252206809583859,0.0819,0.0012224938875307,0.0788,-0.0025316455696203,0.0791,-0.0270602706027059,-286.5883647965991
178,178,2023-05-01,MDX/USDT,0.079,-0.0282902829028289,0.0799,-0.0244200244200244,0.0768,-0.0253807106598985,0.0777,-0.0176991150442478,0.4441409046763001
179,179,2023-05-02,MDX/USDT,0.0776,-0.0177215189873417,0.0785,-0.0175219023779724,0.0764,-0.0052083333333332,0.0784,0.0090090090090089,0.37973750894609437
180,0,2022-11-04,BIFI/USDT,390.7,,414.9,,387.9,,402.4,,
181,1,2022-11-05,BIFI/USDT,402.5,0.0302022011773739,420.0,0.0122921185827911,402.5,0.0376385666408869,411.1,0.0216202783300198,3.031069861902508
182,2,2022-11-06,BIFI/USDT,411.8,0.0231055900621117,620.0,0.4761904761904763,409.5,0.0173913043478259,441.3,0.0734614449039163,-3.9733931682956625
183,3,2022-11-07,BIFI/USDT,440.0,0.0684798445847498,519.0,-0.1629032258064516,420.3,0.0263736263736265,441.0,-0.000679809653297,0.04519578658537988
184,4,2022-11-08,BIFI/USDT,442.5,0.0056818181818181,500.0,-0.0366088631984585,371.1,-0.1170592433975731,405.9,-0.0795918367346939,0.8018424860036488
185,5,2022-11-09,BIFI/USDT,407.5,-0.0790960451977401,411.5,-0.177,330.0,-0.1107518189167341,335.3,-0.1739344666173934,1.2292249553349384
186,6,2022-11-10,BIFI/USDT,335.3,-0.1771779141104293,384.8,-0.0648845686512757,331.3,0.0039393939393939,369.5,0.1019982105577095,0.9676812368473615
187,7,2022-11-11,BIFI/USDT,369.5,0.1019982105577095,371.9,-0.0335239085239086,320.4,-0.0329006942348325,334.0,-0.0960757780784844,3.1856005224288286
188,8,2022-11-12,BIFI/USDT,333.3,-0.0979702300405953,342.6,-0.0787846195213766,316.6,-0.0118601747815229,333.5,-0.0014970059880239,0.09895967272363577
189,9,2022-11-13,BIFI/USDT,332.2,-0.0033003300330033,342.9,0.0008756567425567,320.5,0.0123183828174351,329.7,-0.0113943028485757,0.3972418369543221
190,10,2022-11-14,BIFI/USDT,329.7,-0.0075255869957856,338.2,-0.0137066200058325,315.4,-0.0159126365054602,326.7,-0.0090991810737033,-0.5130632991140358
191,11,2022-11-15,BIFI/USDT,326.7,-0.0090991810737033,343.0,0.0141927853341219,323.3,0.0250475586556755,332.9,0.0189776553412917,1.1219749700771344
192,12,2022-11-16,BIFI/USDT,331.7,0.0153045607591062,334.7,-0.024198250728863,314.9,-0.0259820600061863,320.4,-0.0375488134574947,2.6685015359124122
193,13,2022-11-17,BIFI/USDT,320.1,-0.0349713596623454,329.5,-0.0155363011652225,313.9,-0.0031756113051762,319.4,-0.0031210986267166,-1.7451717232651451
194,14,2022-11-18,BIFI/USDT,319.7,-0.0012496094970322,442.2,0.3420333839150227,314.7,0.0025485823510673,358.2,0.1214777708202881,257.0057006444237
195,15,2022-11-19,BIFI/USDT,357.8,0.1191742258367221,378.7,-0.1436001809136137,341.9,0.0864315220845248,342.2,-0.0446677833612506,-3243.356881043746
196,16,2022-11-20,BIFI/USDT,343.2,-0.0408049189491336,366.1,-0.0332717190388168,331.0,-0.0318806668616553,331.0,-0.0327293980128579,1.3000432936267685
197,17,2022-11-21,BIFI/USDT,332.0,-0.0326340326340326,337.4,-0.0783938814531549,319.2,-0.0356495468277946,322.8,-0.0247734138972809,0.8083474488574399
198,18,2022-11-22,BIFI/USDT,324.3,-0.0231927710843372,353.1,0.0465323058684055,317.6,-0.0050125313283206,333.6,0.0334572490706319,1.1847830139927613
199,19,2022-11-23,BIFI/USDT,333.8,0.0292938637064446,349.9,-0.0090625885018409,332.9,0.0481738035264482,340.3,0.020083932853717,0.866365668132217
200,20,2022-11-24,BIFI/USDT,341.2,0.0221689634511683,372.1,0.0634466990568736,334.8,0.0057074196455393,351.0,0.0314428445489274,-125.49254970163057
201,21,2022-11-25,BIFI/USDT,351.2,0.0293083235638922,395.0,0.0615425960763234,340.0,0.0155316606929509,357.7,0.019088319088319,-4.125062545645711
202,22,2022-11-26,BIFI/USDT,357.2,0.0170842824601367,378.9,-0.0407594936708861,352.2,0.0358823529411764,355.2,-0.0069890970086664,1.8164989657192059
203,23,2022-11-27,BIFI/USDT,355.5,-0.0047592385218364,364.9,-0.0369490630773291,346.0,-0.0176036342986939,355.2,0.0,-0.0
204,24,2022-11-28,BIFI/USDT,354.5,-0.0028129395218002,355.6,-0.0254864346396271,340.0,-0.0173410404624277,342.7,-0.0351914414414414,2.678243615714685
205,25,2022-11-29,BIFI/USDT,342.5,-0.0338504936530323,363.1,0.0210911136107987,340.0,0.0,351.8,0.0265538371753721,1.8749018912941706
206,26,2022-11-30,BIFI/USDT,352.6,0.0294890510948906,376.0,0.035527402919306,349.5,0.0279411764705881,366.8,0.0426378624218306,0.9722155177529381
207,27,2022-12-01,BIFI/USDT,366.6,0.0397050482132728,378.0,0.0053191489361701,360.2,0.0306151645207439,365.4,-0.0038167938931298,0.35169418766241883
208,28,2022-12-02,BIFI/USDT,365.8,-0.0021822149481723,368.4,-0.0253968253968254,346.3,-0.0385896724042198,360.6,-0.0131362889983578,-1.93308172620306
209,29,2022-12-03,BIFI/USDT,360.6,-0.0142154182613449,366.6,-0.0048859934853419,357.0,0.0308980652613339,357.6,-0.0083194675540765,0.6851811498519096
210,30,2022-12-04,BIFI/USDT,357.6,-0.0083194675540765,376.0,0.0256410256410255,356.2,-0.0022408963585434,366.6,0.0251677852348992,1.9272702369538388
211,31,2022-12-05,BIFI/USDT,366.5,0.0248881431767338,429.4,0.1420212765957447,363.4,0.0202133632790566,368.6,0.005455537370431,-0.6696862977924687
212,32,2022-12-06,BIFI/USDT,368.0,0.0040927694406549,380.2,-0.1145784816022356,362.0,-0.0038525041276828,369.0,0.001085187194791,0.1501644707800516
213,33,2022-12-07,BIFI/USDT,369.0,0.0027173913043478,377.0,-0.0084166228300893,349.7,-0.0339779005524861,353.0,-0.043360433604336,2.9366864118863076
214,34,2022-12-08,BIFI/USDT,353.0,-0.043360433604336,364.3,-0.0336870026525198,350.7,0.0028595939376607,361.3,0.023512747875354,1.0217201037219341
215,35,2022-12-09,BIFI/USDT,361.4,0.0237960339943341,371.6,0.0200384298654954,352.9,0.0062731679498146,359.3,-0.0055355660116246,0.9979604620140953
216,36,2022-12-10,BIFI/USDT,359.3,-0.0058107360265632,437.9,0.1784176533907426,358.1,0.0147350524227827,362.7,0.0094628444197049,-151.4812134705704
217,37,2022-12-11,BIFI/USDT,362.7,0.0094628444197049,378.1,-0.1365608586435258,361.0,0.0080982965652052,365.3,0.007168458781362,-2.892971397106154
218,38,2022-12-12,BIFI/USDT,365.4,0.0074441687344912,382.1,0.0105792118487173,361.2,0.0005540166204984,363.6,-0.0046537092800437,-0.6371923043357155
219,39,2022-12-13,BIFI/USDT,363.9,-0.0041050903119869,371.4,-0.028003140539126,346.9,-0.0395902547065337,367.1,0.0096259625962595,0.2932731068528786
220,40,2022-12-14,BIFI/USDT,369.5,0.0153888430887607,374.8,0.0091545503500269,359.5,0.0363217065436725,363.3,-0.0103514028874965,-6.467243617025637
221,41,2022-12-15,BIFI/USDT,363.8,-0.0154262516914749,366.4,-0.0224119530416222,354.3,-0.0144645340751042,354.3,-0.0247729149463253,0.9870771037502977
222,42,2022-12-16,BIFI/USDT,354.8,-0.0247388675096206,357.6,-0.0240174672489081,315.0,-0.1109229466553768,318.1,-0.1021732994637312,2.448640640156768
223,43,2022-12-17,BIFI/USDT,318.1,-0.1034385569334835,335.0,-0.0631991051454139,313.8,-0.0038095238095238,328.1,0.031436655139893,3.6209018052999813
224,44,2022-12-18,BIFI/USDT,328.2,0.0317510216912919,339.3,0.0128358208955223,327.3,0.0430210325047801,336.4,0.0252971654983236,-11.078005819001016
225,45,2022-12-19,BIFI/USDT,336.1,0.0240706886045094,338.0,-0.0038314176245211,320.0,-0.0223036969141461,320.7,-0.0466706302021402,2.6097711861683535
226,46,2022-12-20,BIFI/USDT,320.6,-0.0461172270157691,334.4,-0.0106508875739645,320.0,0.0,326.7,0.0187090739008419,0.6734611123041803
227,47,2022-12-21,BIFI/USDT,327.0,0.0199625701809107,327.0,-0.0221291866028707,317.1,-0.0090624999999999,320.9,-0.0177532904805632,4.23122844564499
228,48,2022-12-22,BIFI/USDT,320.9,-0.0186544342507646,321.3,-0.0174311926605503,315.4,-0.0053610848312836,318.1,-0.008725459644749,45.3095614572148
229,49,2022-12-23,BIFI/USDT,318.0,-0.00903708320349,324.4,0.0096483037659507,317.0,0.0050729232720356,322.0,0.0122602955045583,-4.803999594904365
230,50,2022-12-24,BIFI/USDT,322.0,0.0125786163522012,340.8,0.0505548705302096,321.7,0.0148264984227128,328.6,0.0204968944099379,5.968537710120551
231,51,2022-12-25,BIFI/USDT,328.4,0.0198757763975154,329.0,-0.0346244131455399,314.4,-0.0226919490208269,316.2,-0.0377358490566038,158.43523267315868
232,52,2022-12-26,BIFI/USDT,317.1,-0.0344092570036539,321.8,-0.021884498480243,315.1,0.0022264631043258,317.6,0.0044275774826061,0.8538665355264736
233,53,2022-12-27,BIFI/USDT,317.8,0.0022075055187638,320.5,-0.0040397762585456,310.4,-0.0149158997143765,314.3,-0.0103904282115869,0.8252345077164904
234,54,2022-12-28,BIFI/USDT,314.1,-0.0116425424795468,600.0,0.8720748829953198,311.2,0.0025773195876288,347.7,0.1062678969137764,-11.162211520178897
235,55,2022-12-29,BIFI/USDT,348.8,0.1104743712193567,352.6,-0.4123333333333333,330.0,0.0604113110539845,343.2,-0.0129421915444348,-2.4855902456492456
236,56,2022-12-30,BIFI/USDT,343.5,-0.0151949541284404,388.8,0.102665910380034,335.9,0.0178787878787878,346.5,0.0096153846153845,-6.153798058424804
237,57,2022-12-31,BIFI/USDT,346.9,0.0098981077147015,358.3,-0.0784465020576131,340.3,0.0130991366478119,345.6,-0.0025974025974024,0.6628197862370885
238,58,2023-01-01,BIFI/USDT,345.6,-0.0037474776592676,380.0,0.0605637733742674,341.4,0.0032324419629736,353.2,0.0219907407407407,4.892799322523708
239,59,2023-01-02,BIFI/USDT,353.2,0.0219907407407407,365.8,-0.0373684210526314,350.0,0.0251903925014647,356.2,0.0084937712344281,2.51494784675131
240,60,2023-01-03,BIFI/USDT,356.5,0.0093431483578709,360.0,-0.0158556588299617,355.0,0.0142857142857142,356.9,0.0019651880965749,14.184123662226233
241,61,2023-01-04,BIFI/USDT,357.2,0.0019635343618513,366.6,0.0183333333333333,357.0,0.0056338028169014,360.4,0.0098066685346034,0.933485346585491
242,62,2023-01-05,BIFI/USDT,360.1,0.0081187010078387,363.2,-0.0092744135297327,356.9,-0.000280112044818,357.6,-0.0077691453940065,7.0725497990999795
243,63,2023-01-06,BIFI/USDT,357.5,-0.0072202166064982,362.4,-0.0022026431718061,349.6,-0.0204539086578872,355.0,-0.0072706935123043,-1.0301281363222068
244,64,2023-01-07,BIFI/USDT,355.0,-0.0069930069930069,379.0,0.0458057395143487,355.0,0.0154462242562929,360.6,0.0157746478873239,-37.767024747346696
245,65,2023-01-08,BIFI/USDT,361.3,0.0177464788732395,371.1,-0.0208443271767809,358.2,0.0090140845070423,370.4,0.0271769273433166,2.4990457550547656
246,66,2023-01-09,BIFI/USDT,370.5,0.0254636036534734,377.0,0.0158986796011855,365.0,0.0189838079285316,370.2,-0.0005399568034556,-0.183388624567355
247,67,2023-01-10,BIFI/USDT,369.7,-0.0021592442645074,375.0,-0.0053050397877983,366.6,0.0043835616438356,374.1,0.0105348460291734,0.6896734914219073
248,68,2023-01-11,BIFI/USDT,374.0,0.0116310522044902,376.3,0.0034666666666667,363.5,-0.0084560829241681,375.1,0.0026730820636193,0.09275828775106003
249,69,2023-01-12,BIFI/USDT,375.4,0.0037433155080213,412.0,0.0948711134732924,374.4,0.0299862448418155,407.7,0.0869101572913888,1.7262791676854037
250,70,2023-01-13,BIFI/USDT,408.5,0.0881726158763984,412.5,0.0012135922330096,395.0,0.0550213675213675,410.6,0.0071130733382389,0.12373881080489947
251,71,2023-01-14,BIFI/USDT,410.7,0.0053855569155445,426.0,0.0327272727272727,397.0,0.0050632911392405,414.5,0.0094982951777884,0.18470023502187993
252,72,2023-01-15,BIFI/USDT,414.4,0.0090090090090089,417.5,-0.0199530516431925,395.9,-0.0027707808564232,409.6,-0.0118214716525933,2.969527604439759
253,73,2023-01-16,BIFI/USDT,409.5,-0.0118243243243242,425.0,0.0179640718562874,406.5,0.0267744379893912,418.2,0.02099609375,1.3949386302820994
254,74,2023-01-17,BIFI/USDT,419.0,0.0231990231990231,426.6,0.0037647058823528,412.5,0.014760147601476,417.1,-0.0026303204208512,1.0960866999214771
255,75,2023-01-18,BIFI/USDT,417.5,-0.0035799522673031,424.6,-0.0046882325363337,382.1,-0.0736969696969696,386.5,-0.0733637017501798,3.390317701024895
256,76,2023-01-19,BIFI/USDT,386.6,-0.0740119760479041,404.2,-0.048045219029675,380.3,-0.0047108086888248,402.3,0.0408796895213454,2.1447491974194084
257,77,2023-01-20,BIFI/USDT,401.8,0.0393171236420071,419.7,0.0383473527956457,395.0,0.0386536944517486,418.6,0.0405170270942083,0.5350636009501317
258,78,2023-01-21,BIFI/USDT,418.5,0.0415629666500745,425.0,0.0126280676673815,408.8,0.0349367088607595,412.3,-0.0150501672240802,-2.9323130565870508
259,79,2023-01-22,BIFI/USDT,412.7,-0.0138590203106332,426.0,0.0023529411764706,406.3,-0.0061154598825832,414.8,0.0060635459616784,-1.8256786387631065
260,80,2023-01-23,BIFI/USDT,413.8,0.0026653743639448,439.0,0.0305164319248827,410.0,0.0091065714988924,433.5,0.0450819672131146,4.908260543891012
261,81,2023-01-24,BIFI/USDT,435.2,0.0517158047365877,535.0,0.2186788154897494,418.5,0.0207317073170731,424.3,-0.0212226066897347,1.7151460187437346
262,82,2023-01-25,BIFI/USDT,424.2,-0.0252757352941176,448.3,-0.162056074766355,410.0,-0.020310633213859,444.5,0.0476078246523685,2.5172355063575544
263,83,2023-01-26,BIFI/USDT,445.4,0.0499764262140498,447.2,-0.0024537140307829,431.5,0.0524390243902439,440.6,-0.0087739032620921,3.9449104443932463
264,84,2023-01-27,BIFI/USDT,442.1,-0.0074090704984283,457.7,0.0234794275491949,431.4,-0.0002317497103129,445.8,0.0118020880617339,4.209609604242458
265,85,2023-01-28,BIFI/USDT,446.0,0.0088215335896855,456.6,-0.0024033209525889,443.9,0.0289754288363468,447.2,0.0031404217137729,-1.4054032795009488
266,86,2023-01-29,BIFI/USDT,447.3,0.002914798206278,469.0,0.0271572492334646,446.1,0.0049560711872045,465.4,0.0406976744186047,1.3018845061411244
267,87,2023-01-30,BIFI/USDT,463.1,0.0353230494075564,466.0,-0.0063965884861407,430.5,-0.0349697377269671,439.1,-0.0565105285775675,1.4644871720211632
268,88,2023-01-31,BIFI/USDT,439.1,-0.0518246599006694,459.6,-0.0137339055793991,436.4,0.0137049941927989,453.4,0.03256661352767,2.4863549581063293
269,89,2023-02-01,BIFI/USDT,453.6,0.0330220906399454,463.4,0.0082680591818971,435.2,-0.0027497708524288,457.2,0.0083811204234671,0.3190204588058743
270,90,2023-02-02,BIFI/USDT,457.2,0.0079365079365079,482.5,0.0412170910660336,455.4,0.0464154411764705,461.4,0.0091863517060366,-0.8945370165755193
271,91,2023-02-03,BIFI/USDT,462.3,0.0111548556430447,492.5,0.0207253886010363,462.2,0.0149319279754063,485.8,0.0528825314260945,-21.776904062337803
272,92,2023-02-04,BIFI/USDT,485.5,0.0501838632922344,535.0,0.0862944162436547,483.8,0.0467330160103851,496.4,0.0218196788801976,-4.86651945129358
273,93,2023-02-05,BIFI/USDT,496.5,0.0226570545829041,507.3,-0.0517757009345793,475.0,-0.0181893344357172,481.7,-0.0296132151490733,1.7535672116061483
274,94,2023-02-06,BIFI/USDT,483.2,-0.0267875125881168,501.5,-0.0114330770747093,474.3,-0.0014736842105262,496.7,0.0311397135146356,-4.191115954322064
275,95,2023-02-07,BIFI/USDT,498.0,0.0306291390728477,519.4,0.035692921236291,496.2,0.0461733080328905,516.8,0.0404670827461244,1.9272979460817576
276,96,2023-02-08,BIFI/USDT,517.0,0.0381526104417671,523.8,0.0084713130535232,496.6,0.0008061265618701,504.3,-0.0241873065015478,2.0259645687917756
277,97,2023-02-09,BIFI/USDT,505.2,-0.0228239845261122,508.6,-0.0290187094310804,470.6,-0.0523560209424083,474.3,-0.0594883997620464,1.1709014046508122
278,98,2023-02-10,BIFI/USDT,474.4,-0.060965954077593,476.8,-0.0625245772709398,436.0,-0.0735231619209519,450.6,-0.0499683744465527,6.36321674671727
279,99,2023-02-11,BIFI/USDT,449.7,-0.0520657672849915,474.0,-0.0058724832214764,447.9,0.0272935779816512,473.3,0.0503772747447845,4.589729263726689
280,100,2023-02-12,BIFI/USDT,473.7,0.0533689126084055,487.5,0.0284810126582277,464.3,0.0366153159187319,472.3,-0.0021128248468201,0.5846315511308404
281,101,2023-02-13,BIFI/USDT,471.5,-0.0046442896347899,472.3,-0.0311794871794871,438.2,-0.0562136549644627,446.1,-0.0554732161761591,126.26990841194777
282,102,2023-02-14,BIFI/USDT,446.1,-0.0538706256627783,465.5,-0.0143976286258734,444.1,0.0134641716111365,461.4,0.0342972427706791,1.7535565669605517
283,103,2023-02-15,BIFI/USDT,463.3,0.0385563774938353,491.7,0.0562835660580021,458.7,0.0328754784958342,485.7,0.052665799739922,0.5504033629906223
284,104,2023-02-16,BIFI/USDT,485.6,0.0481329592056982,494.0,0.0046776489729509,460.3,0.0034881185960322,461.3,-0.0502367716697549,1.5154610964911501
285,105,2023-02-17,BIFI/USDT,462.5,-0.0475700164744645,484.7,-0.0188259109311741,460.7,0.0008689984792527,477.1,0.0342510296986777,0.7655083166217035
286,106,2023-02-18,BIFI/USDT,477.0,0.0313513513513512,482.7,-0.0041262636682484,467.6,0.0149772085956154,474.4,-0.0056591909452945,-2.2434035455012222
287,107,2023-02-19,BIFI/USDT,474.4,-0.0054507337526206,522.7,0.0828672053035013,473.1,0.0117621899059023,491.9,0.0368887015177066,-2.5226703999252367
288,108,2023-02-20,BIFI/USDT,491.9,0.0368887015177066,500.0,-0.0434283527836235,476.0,0.0061297822870427,491.9,0.0,0.0
289,109,2023-02-21,BIFI/USDT,491.9,0.0,498.7,-0.0026,476.9,0.001890756302521,482.5,-0.0191095751168935,1.2171159034173238
290,110,2023-02-22,BIFI/USDT,483.5,-0.0170766415938198,484.9,-0.0276719470623622,453.1,-0.0499056405955126,476.6,-0.0122279792746113,1.1076143941451433
291,111,2023-02-23,BIFI/USDT,476.2,-0.0150982419855222,501.7,0.0346463188286245,474.5,0.0472301920105935,480.3,0.007763323541754,-0.7757295987134436
292,112,2023-02-24,BIFI/USDT,480.8,0.009659806803864,493.8,-0.015746462029101,465.0,-0.0200210748155953,473.4,-0.0143660212367271,0.4555846678564255
293,113,2023-02-25,BIFI/USDT,474.7,-0.0126871880199668,477.1,-0.0338193600648035,451.9,-0.0281720430107527,460.1,-0.0280946345585128,23.08229091719244
294,114,2023-02-26,BIFI/USDT,460.3,-0.0303349483884558,470.0,-0.0148815761894781,455.0,0.0068599247621154,467.2,0.0154314279504454,0.8983524994932431
295,115,2023-02-27,BIFI/USDT,466.8,0.0141212252878557,477.7,0.0163829787234042,453.4,-0.0035164835164835,459.2,-0.0171232876712328,6.426648703039246
296,116,2023-02-28,BIFI/USDT,460.0,-0.014567266495287,460.2,-0.0366338706301025,441.2,-0.0269078076753418,443.0,-0.0352787456445993,2.3644056480943703
297,117,2023-03-01,BIFI/USDT,442.6,-0.0378260869565216,455.8,-0.009561060408518,438.3,-0.006572982774252,452.9,0.0223476297968396,1.0610571179270654
298,118,2023-03-02,BIFI/USDT,453.5,0.0246272028920018,454.0,-0.0039491004826678,432.2,-0.0139174081679215,442.1,-0.023846323691764,3.443104595924102
299,119,2023-03-03,BIFI/USDT,442.5,-0.0242557883131201,442.5,-0.0253303964757709,410.8,-0.0495141138361868,416.0,-0.0590364171002035,1.246924714135044
300,120,2023-03-04,BIFI/USDT,416.8,-0.0580790960451976,418.0,-0.055367231638418,404.9,-0.0143622200584226,412.8,-0.0076923076923076,22.130818730825276
301,121,2023-03-05,BIFI/USDT,413.6,-0.0076775431861804,426.9,0.021291866028708,412.0,0.0175351938750309,415.9,0.0075096899224804,2.005686763846118
302,122,2023-03-06,BIFI/USDT,415.9,0.0055609284332687,422.7,-0.0098383696416022,412.3,0.0007281553398057,418.9,0.007213272421255,-7.993845434492258
303,123,2023-03-07,BIFI/USDT,419.2,0.0079345996633806,420.8,-0.0044949136503429,401.6,-0.0259519767159834,410.4,-0.0202912389591788,2.1445324706432674
304,124,2023-03-08,BIFI/USDT,411.2,-0.0190839694656488,413.8,-0.0166349809885931,392.1,-0.0236553784860558,395.6,-0.0360623781676412,1.6253375052184151
305,125,2023-03-09,BIFI/USDT,395.3,-0.0386673151750972,426.1,0.0297245045915901,374.1,-0.0459066564651874,388.3,-0.0184529828109201,0.2981865302954531
306,126,2023-03-10,BIFI/USDT,387.3,-0.0202377940804452,451.8,0.0603144801689743,377.6,0.0093557872226677,408.7,0.0525366984290496,-5.057267581364167
307,127,2023-03-11,BIFI/USDT,408.7,0.0552543248128065,477.4,0.056662239929172,395.0,0.0460805084745761,416.0,0.0178615121115732,1.1799167108954778
308,128,2023-03-12,BIFI/USDT,416.0,0.0178615121115732,440.1,-0.0781315458734812,409.1,0.0356962025316456,438.0,0.0528846153846154,0.7018343390088992
309,129,2023-03-13,BIFI/USDT,439.5,0.0564903846153845,461.5,0.0486253124289932,421.2,0.0295771205084329,454.2,0.036986301369863,0.38442793071439735
310,130,2023-03-14,BIFI/USDT,454.2,0.033447098976109,479.1,0.0381365113759479,442.5,0.0505698005698005,464.6,0.0228974020255394,0.9913921781818266
311,131,2023-03-15,BIFI/USDT,465.5,0.0248789079700573,486.2,0.0148194531413066,437.7,-0.0108474576271186,450.6,-0.0301334481274214,1.9321754906230606
312,132,2023-03-16,BIFI/USDT,451.4,-0.0302900107411385,497.8,0.0238584944467297,448.3,0.0242175005711675,493.8,0.0958721704394141,3.2649749477698964
313,133,2023-03-17,BIFI/USDT,492.1,0.0901639344262297,505.0,0.0144636400160707,480.4,0.0716038367164844,504.7,0.0220737140542728,0.230273508221117
314,134,2023-03-18,BIFI/USDT,504.3,0.0247917090022353,508.7,0.0073267326732673,481.0,0.0012489592006661,481.9,-0.0451753516940757,2.537906308864995
315,135,2023-03-19,BIFI/USDT,481.9,-0.0444180051556614,498.0,-0.0210340082563397,475.6,-0.0112266112266111,489.1,0.0149408590993982,0.3773498815525612
316,136,2023-03-20,BIFI/USDT,489.8,0.0163934426229508,490.5,-0.0150602409638553,475.1,-0.0010513036164844,478.0,-0.022694745450828,2.4811895731224247
317,137,2023-03-21,BIFI/USDT,480.6,-0.0187831768068599,501.9,0.0232415902140672,472.7,-0.0050515680909283,495.2,0.0359832635983263,2.5674418910246772
318,138,2023-03-22,BIFI/USDT,494.7,0.029338327091136,495.9,-0.0119545726240286,463.8,-0.0188280093082292,473.0,-0.0448303715670436,1.4745215484685767
319,139,2023-03-23,BIFI/USDT,472.6,-0.0446735395189002,491.1,-0.0096793708408952,469.0,0.011211729193618,487.5,0.0306553911205074,0.7998440731523238
320,140,2023-03-24,BIFI/USDT,487.5,0.0315277190012694,489.1,-0.0040724903278355,477.6,0.0183368869936033,482.6,-0.010051282051282,0.3381990946639081
321,141,2023-03-25,BIFI/USDT,484.0,-0.0071794871794871,485.5,-0.0073604579840523,476.9,-0.0014656616415411,482.8,0.0004144218814752,1.3417138104139363
322,142,2023-03-26,BIFI/USDT,482.2,-0.0037190082644628,503.5,0.0370751802265705,481.5,0.0096456280142587,490.4,0.0157415078707539,0.8558864454150111
323,143,2023-03-27,BIFI/USDT,490.4,0.0170053919535462,492.3,-0.0222442899702085,458.8,-0.0471443406022844,469.0,-0.0436378466557911,1.4475241088804958
324,144,2023-03-28,BIFI/USDT,467.7,-0.0462887438825448,480.6,-0.0237659963436928,462.8,0.0087183958151699,477.6,0.0183368869936033,3.65295541555273
325,145,2023-03-29,BIFI/USDT,477.7,0.021381227282446,519.0,0.079900124843945,476.3,0.0291702679343128,512.5,0.073073701842546,1.8317354933553882
326,146,2023-03-30,BIFI/USDT,513.4,0.0747330960854091,525.0,0.0115606936416186,487.8,0.0241444467772411,496.0,-0.0321951219512195,2.8515219612783023
327,147,2023-03-31,BIFI/USDT,496.1,-0.0336969224776002,505.0,-0.038095238095238,482.9,-0.0100451004510045,502.5,0.0131048387096774,0.84085196740003
328,148,2023-04-01,BIFI/USDT,502.8,0.0135053416649868,504.7,-0.0005940594059405,492.4,0.0196728101056118,497.3,-0.0103482587064676,23.322795681134426
329,149,2023-04-02,BIFI/USDT,497.3,-0.0109387430389816,502.0,-0.0053497127006142,490.0,-0.0048740861088545,493.5,-0.0076412628192238,0.7741037807249596
330,150,2023-04-03,BIFI/USDT,493.6,-0.0074401769555599,499.7,-0.0045816733067729,485.0,-0.010204081632653,496.1,0.0052684903748734,-0.3991266462397762
331,151,2023-04-04,BIFI/USDT,496.0,0.0048622366288493,508.4,0.0174104462677606,495.4,0.021443298969072,506.1,0.0201572263656519,1.5332883491534746
332,152,2023-04-05,BIFI/USDT,504.8,0.017741935483871,520.1,0.0230133752950434,501.6,0.0125151392813889,510.3,0.0082987551867219,51.48421591389907
333,153,2023-04-06,BIFI/USDT,510.4,0.0110935023771789,511.7,-0.0161507402422611,498.0,-0.007177033492823,502.7,-0.0148932000783853,3.0805609452978704
334,154,2023-04-07,BIFI/USDT,503.4,-0.0137147335423197,504.9,-0.0132890365448504,497.6,-0.0008032128514056,501.5,-0.0023871096081161,0.5249023537077394
335,155,2023-04-08,BIFI/USDT,501.3,-0.004171632896305,533.7,0.0570409982174688,490.5,-0.0142684887459807,504.9,0.006779661016949,5.903134403342294
336,156,2023-04-09,BIFI/USDT,505.4,0.0081787352882505,513.4,-0.0380363500093686,501.8,0.0230377166156983,510.8,0.0116854822737175,0.8471468271482304
337,157,2023-04-10,BIFI/USDT,511.3,0.0116739216462209,519.1,0.0111024542267239,509.0,0.0143483459545634,517.1,0.0123335943617854,0.2659402294801708
338,158,2023-04-11,BIFI/USDT,517.2,0.0115392137688246,522.5,0.0065497977268349,512.2,0.0062868369351671,514.3,-0.0054148133823246,-0.2850050885282835
339,159,2023-04-12,BIFI/USDT,513.9,-0.0063805104408354,518.0,-0.0086124401913875,510.0,-0.0042951971885982,517.0,0.0052498541707175,-0.5075966092345802
340,160,2023-04-13,BIFI/USDT,516.3,0.0046701692936368,525.0,0.0135135135135135,512.6,0.0050980392156863,515.0,-0.0038684719535783,-0.23801626395533945
341,161,2023-04-14,BIFI/USDT,515.0,-0.0025179159403446,525.2,0.0003809523809523,510.0,-0.0050721810378463,518.0,0.0058252427184466,1.9006874024198421
342,162,2023-04-15,BIFI/USDT,517.3,0.0044660194174757,530.0,0.0091393754760089,512.8,0.0054901960784312,520.5,0.0048262548262547,-0.8556864987992577
343,163,2023-04-16,BIFI/USDT,520.1,0.0054127198917457,528.0,-0.0037735849056603,493.5,-0.0376365054602183,518.9,-0.003073967339097,-9.74122564801132
344,164,2023-04-17,BIFI/USDT,519.0,-0.0021149778888676,520.0,-0.0151515151515151,501.6,0.0164133738601823,503.9,-0.0289073039121218,1.00188216507752
345,165,2023-04-18,BIFI/USDT,503.8,-0.0292870905587668,513.2,-0.0130769230769229,500.0,-0.0031897926634769,510.4,0.0128993847985712,0.3997224266176506
346,166,2023-04-19,BIFI/USDT,509.8,0.0119094878920207,510.5,-0.0052611067809821,476.1,-0.0477999999999999,478.2,-0.0630877742946708,1.2108124997314076
347,167,2023-04-20,BIFI/USDT,478.0,-0.0623774029030992,484.8,-0.0503428011753183,464.9,-0.0235244696492334,470.7,-0.0156838143036386,0.8160599311289418
348,168,2023-04-21,BIFI/USDT,470.5,-0.0156903765690377,475.9,-0.0183580858085808,444.3,-0.0443106044310603,450.3,-0.0433397068196302,1.2480210341618139
349,169,2023-04-22,BIFI/USDT,450.3,-0.0429330499468649,462.8,-0.0275267913427189,444.6,0.0006752194463199,461.0,0.0237619364867864,1.1693252333521509
350,170,2023-04-23,BIFI/USDT,460.9,0.0235398623140128,462.0,-0.0017286084701815,445.9,0.0029239766081869,450.4,-0.0229934924078091,2.8269901846813803
351,171,2023-04-24,BIFI/USDT,451.0,-0.0214797136038186,455.7,-0.0136363636363636,445.5,-0.0008970621215518,447.4,-0.0066607460035523,2.3066898291153213
352,172,2023-04-25,BIFI/USDT,447.7,-0.0073170731707317,453.9,-0.0039499670836076,438.1,-0.0166105499438832,453.2,0.0129637907912383,0.4515305762950425
353,173,2023-04-26,BIFI/USDT,453.1,0.0120616484252848,467.4,0.0297422339722406,435.4,-0.0061629764893861,450.6,-0.0057369814651366,-1.4180009404255507
354,174,2023-04-27,BIFI/USDT,450.6,-0.0055175457956301,458.6,-0.0188275566966195,447.1,0.0268718419843823,454.3,0.0082112738570794,0.22064315913145377
355,175,2023-04-28,BIFI/USDT,454.4,0.0084332001775409,455.6,-0.0065416484954208,442.6,-0.0100648624468798,453.7,-0.00132071318512,0.24166558602476734
356,176,2023-04-29,BIFI/USDT,453.6,-0.0017605633802816,467.1,0.0252414398595259,452.6,0.0225937641211024,457.7,0.0088163985012121,-3.1805984978213417
357,177,2023-04-30,BIFI/USDT,457.8,0.0092592592592593,464.0,-0.0066366944979662,452.9,0.0006628369421122,456.8,-0.0019663535066637,-20.82514415175351
358,178,2023-05-01,BIFI/USDT,455.8,-0.0043687199650502,457.8,-0.0133620689655171,440.0,-0.0284831088540515,443.9,-0.0282399299474607,0.7086517039696197
359,179,2023-05-02,BIFI/USDT,444.0,-0.0258885476086002,448.0,-0.0214067278287461,438.3,-0.0038636363636362,446.3,0.0054066231133138,0.2278938328074805
360,0,2022-10-21,AUTO/USDT,222.9,,224.3,,215.0,,222.5,,0.0
361,1,2022-10-22,AUTO/USDT,222.3,-0.0026917900403767,307.0,0.3687026304057066,222.3,0.0339534883720931,238.3,0.0710112359550563,0.0
362,2,2022-10-23,AUTO/USDT,238.4,0.0724246513720197,243.1,-0.2081433224755701,227.7,0.0242914979757085,231.0,-0.0306336550566512,0.0
363,3,2022-10-24,AUTO/USDT,231.5,-0.0289429530201342,239.9,-0.0131633072809542,229.0,0.0057092665788318,237.6,0.0285714285714284,0.0
364,4,2022-10-25,AUTO/USDT,237.2,0.024622030237581,251.7,0.0491871613172154,236.7,0.0336244541484715,241.3,0.0155723905723905,0.0
365,5,2022-10-26,AUTO/USDT,241.6,0.0185497470489039,248.7,-0.0119189511323003,239.4,0.0114068441064638,245.0,0.0153336096145875,0.0
366,6,2022-10-27,AUTO/USDT,244.5,0.0120033112582782,259.6,0.0438279051065542,239.2,-0.0008354218880535,240.9,-0.016734693877551,0.0
367,7,2022-10-28,AUTO/USDT,241.2,-0.0134969325153374,246.1,-0.0520030816640987,233.9,-0.0221571906354514,241.4,0.0020755500207554,0.0
368,8,2022-10-29,AUTO/USDT,241.1,-0.0004145936981757,247.7,0.0065014221861032,239.0,0.0218041898247114,244.0,0.0107705053852527,0.0
369,9,2022-10-30,AUTO/USDT,243.6,0.0103691414350892,251.0,0.0133225676221235,240.0,0.0041841004184099,241.8,-0.0090163934426229,0.0
370,10,2022-10-31,AUTO/USDT,241.8,-0.0073891625615762,255.6,0.0183266932270915,238.3,-0.0070833333333333,244.5,0.0111662531017369,0.0
371,11,2022-11-01,AUTO/USDT,245.1,0.0136476426799005,251.2,-0.0172143974960876,243.3,0.0209819555182542,246.4,0.0077709611451943,0.0
372,12,2022-11-02,AUTO/USDT,245.1,0.0,247.6,-0.0143312101910827,233.5,-0.0402794903411426,235.4,-0.044642857142857,0.0
373,13,2022-11-03,AUTO/USDT,236.2,-0.036311709506324,250.5,0.0117124394184169,235.2,0.0072805139186296,245.0,0.0407816482582836,0.0
374,14,2022-11-04,AUTO/USDT,245.5,0.0393734123624047,254.2,0.0147704590818362,243.7,0.0361394557823129,251.0,0.0244897959183674,9.175924157679418e-09
375,15,2022-11-05,AUTO/USDT,251.3,0.0236252545824848,253.6,-0.0023603461841069,242.7,-0.0041034058268363,244.9,-0.0243027888446214,-3.407146277336798
376,16,2022-11-06,AUTO/USDT,244.9,-0.0254675686430561,265.0,0.0449526813880125,239.3,-0.0140090646889162,245.2,0.0012249897917515,-0.06625742355249879
377,17,2022-11-07,AUTO/USDT,244.9,0.0,248.5,-0.0622641509433962,234.6,-0.0196406184705391,237.9,-0.0297716150081565,1.979306342128213
378,18,2022-11-08,AUTO/USDT,237.5,-0.0302164148632094,239.7,-0.0354124748490946,180.1,-0.23231031543052,192.6,-0.1904161412358134,1.9183343208009174
379,19,2022-11-09,AUTO/USDT,192.7,-0.1886315789473684,195.1,-0.1860659157279933,145.0,-0.1948917268184341,148.3,-0.2300103842159916,1.6255231626196907
380,20,2022-11-10,AUTO/USDT,147.9,-0.2324857291126102,180.4,-0.0753459764223474,146.9,0.013103448275862,176.0,0.1867835468644638,1.7720598495233086
381,21,2022-11-11,AUTO/USDT,176.6,0.194050033806626,178.2,-0.0121951219512196,147.4,0.0034036759700477,162.0,-0.0795454545454545,2.63750184099301
382,22,2022-11-12,AUTO/USDT,162.5,-0.0798414496036239,170.7,-0.042087542087542,151.0,0.0244233378561735,162.4,0.0024691358024691,-0.16322237377627172
383,23,2022-11-13,AUTO/USDT,162.5,0.0,168.9,-0.0105448154657292,155.9,0.0324503311258279,162.5,0.000615763546798,-0.021467486489541773
384,24,2022-11-14,AUTO/USDT,162.4,-0.0006153846153845,173.9,0.0296033155713439,156.8,0.0057729313662604,170.1,0.0467692307692306,2.6371137843200545
385,25,2022-11-15,AUTO/USDT,170.4,0.0492610837438423,180.0,0.0350776308223117,166.1,0.0593112244897957,169.3,-0.0047031158142267,-0.27805216872365957
386,26,2022-11-16,AUTO/USDT,169.2,-0.0070422535211268,173.5,-0.036111111111111,164.0,-0.0126429861529199,170.2,0.0053160070880093,-0.3777955086472279
387,27,2022-11-17,AUTO/USDT,170.2,0.0059101654846336,180.1,0.0380403458213256,165.1,0.0067073170731706,169.2,-0.0058754406580493,-3.285270388567263
388,28,2022-11-18,AUTO/USDT,168.6,-0.0094007050528789,186.5,0.0355358134369794,167.6,0.0151423379769837,176.2,0.0413711583924349,87.52731859764584
389,29,2022-11-19,AUTO/USDT,176.2,0.0450771055753262,197.5,0.0589812332439678,169.6,0.0119331742243435,177.9,0.0096481271282633,700.556803044401
390,30,2022-11-20,AUTO/USDT,177.8,0.0090805902383657,278.5,0.410126582278481,177.7,0.047759433962264,206.2,0.159078133783024,-6.318737084807869
391,31,2022-11-21,AUTO/USDT,206.5,0.1614173228346456,225.6,-0.1899461400359067,188.5,0.0607765897580192,196.0,-0.0494665373423859,1.6140750495803795
392,32,2022-11-22,AUTO/USDT,196.0,-0.0508474576271186,285.0,0.2632978723404255,196.0,0.039787798408488,234.4,0.1959183673469389,6.937831417993006
393,33,2022-11-23,AUTO/USDT,234.5,0.1964285714285714,251.0,-0.1192982456140351,222.0,0.1326530612244898,236.1,0.0072525597269623,0.31285549495130976
394,34,2022-11-24,AUTO/USDT,236.3,0.0076759061833688,355.0,0.4143426294820718,232.0,0.045045045045045,302.4,0.280813214739517,-1120.7626667726415
395,35,2022-11-25,AUTO/USDT,301.8,0.2771900126957258,417.6,0.1763380281690141,271.7,0.1711206896551724,277.7,-0.0816798941798941,17.651353723438735
396,36,2022-11-26,AUTO/USDT,277.7,-0.0798542080848244,327.0,-0.2169540229885057,273.1,0.0051527419948473,279.8,0.0075621173928701,-1.9654296407336391
397,37,2022-11-27,AUTO/USDT,279.9,0.0079222182211018,285.3,-0.1275229357798164,263.0,-0.0369827901867448,266.0,-0.0493209435310937,27.24915077450734
398,38,2022-11-28,AUTO/USDT,266.0,-0.049660593068953,270.9,-0.0504731861198739,231.2,-0.1209125475285171,242.9,-0.0868421052631578,6.6091158665181595
399,39,2022-11-29,AUTO/USDT,242.9,-0.0868421052631578,259.4,-0.0424510889627168,237.9,0.0289792387543252,241.7,-0.0049403046521202,-0.34882290173942654
400,40,2022-11-30,AUTO/USDT,241.7,-0.0049403046521202,269.6,0.0393215111796454,238.8,0.0037831021437579,262.4,0.0856433595366155,1.952813729502551
401,41,2022-12-01,AUTO/USDT,263.0,0.0881257757550684,263.4,-0.0229970326409497,233.5,-0.0221943048576215,243.6,-0.0716463414634145,6.601771687309427
402,42,2022-12-02,AUTO/USDT,243.4,-0.0745247148288973,249.8,-0.0516324981017463,240.0,0.0278372591006423,246.0,0.0098522167487684,1.4498112946523023
403,43,2022-12-03,AUTO/USDT,245.9,0.0102711585866885,245.9,-0.0156124899919936,228.7,-0.0470833333333333,231.8,-0.0577235772357722,4.754043064281445
404,44,2022-12-04,AUTO/USDT,231.5,-0.0585603904026027,259.3,0.054493696624644,228.4,-0.0013117621337996,245.1,0.0573770491803278,4.393754879000791
405,45,2022-12-05,AUTO/USDT,245.1,0.0587473002159826,263.4,0.0158118010026995,235.2,0.0297723292469351,240.7,-0.0179518563851489,2.203653173788576
406,46,2022-12-06,AUTO/USDT,240.7,-0.0179518563851489,242.7,-0.0785876993166286,234.0,-0.0051020408163264,238.0,-0.0112172829248026,-1.5522090217047793
407,47,2022-12-07,AUTO/USDT,237.9,-0.0116327378479433,238.8,-0.0160692212608157,227.3,-0.0286324786324785,232.6,-0.0226890756302521,1.5366705210936613
408,48,2022-12-08,AUTO/USDT,232.2,-0.0239596469104667,248.7,0.0414572864321607,229.7,0.0105587329520455,237.3,0.0202063628546862,0.8780448487423841
409,49,2022-12-09,AUTO/USDT,237.3,0.0219638242894057,243.5,-0.020908725371934,233.3,0.0156726164562472,236.6,-0.0029498525073746,0.5318040043151837
410,50,2022-12-10,AUTO/USDT,236.6,-0.0029498525073746,245.0,0.0061601642710471,234.7,0.0060008572653236,237.1,0.0021132713440406,-33.829247675387265
411,51,2022-12-11,AUTO/USDT,236.5,-0.000422654268808,274.2,0.1191836734693876,232.0,-0.0115040477204941,272.3,0.1484605651623787,-59.914157521510205
412,52,2022-12-12,AUTO/USDT,272.3,0.1513742071881607,294.3,0.0733041575492341,235.0,0.0129310344827586,248.1,-0.0888725670216673,-12.168554665760029
413,53,2022-12-13,AUTO/USDT,248.0,-0.0892398090341535,261.2,-0.1124702684335712,237.3,0.0097872340425533,248.7,0.0024183796856105,0.07368049863651879
414,54,2022-12-14,AUTO/USDT,248.4,0.0016129032258065,259.8,-0.0053598774885144,245.6,0.034976822587442,252.8,0.0164857257740249,10.299783125326991
415,55,2022-12-15,AUTO/USDT,252.7,0.0173107890499193,254.6,-0.0200153964588145,239.8,-0.0236156351791529,241.5,-0.0446993670886076,1.7810468368737113
416,56,2022-12-16,AUTO/USDT,241.6,-0.0439256034823901,250.1,-0.0176747839748625,211.1,-0.1196830692243536,216.3,-0.1043478260869564,2.5007543948331765
417,57,2022-12-17,AUTO/USDT,216.3,-0.1047185430463575,265.0,0.0595761695321872,216.3,0.0246328754144955,231.2,0.0688858067498843,7.934328283662645
418,58,2022-12-18,AUTO/USDT,232.1,0.0730466944059176,234.2,-0.1162264150943396,225.9,0.044382801664355,230.1,-0.004757785467128,2.083505169537482
419,59,2022-12-19,AUTO/USDT,230.2,-0.0081861266695389,231.9,-0.0098206660973526,217.6,-0.0367419212040726,218.3,-0.0512820512820512,2.867636867636893
420,60,2022-12-20,AUTO/USDT,218.2,-0.0521285838401389,230.2,-0.0073307460112117,217.4,-0.0009191176470587,225.0,0.0306917086578102,1.1047939818268915
421,61,2022-12-21,AUTO/USDT,225.2,0.0320806599450045,234.2,0.0173761946133796,222.0,0.0211591536338546,230.9,0.0262222222222221,-6.249670318646785
422,62,2022-12-22,AUTO/USDT,230.9,0.0253108348134991,231.1,-0.0132365499573013,217.1,-0.022072072072072,223.1,-0.0337808575140754,175.4172160468969
423,63,2022-12-23,AUTO/USDT,223.4,-0.0324815937635339,224.6,-0.0281263522284724,220.4,0.0152003684937818,223.3,0.0008964589870015,-0.35126303512035423
424,64,2022-12-24,AUTO/USDT,223.5,0.0004476275738585,223.5,-0.0048975957257345,218.5,-0.0086206896551724,220.7,-0.0116435288849082,-3.390505890236619
425,65,2022-12-25,AUTO/USDT,220.8,-0.0120805369127515,222.5,-0.0044742729306487,213.8,-0.0215102974828375,214.3,-0.0289986406887176,121.75176919514084
426,66,2022-12-26,AUTO/USDT,214.3,-0.0294384057971014,219.3,-0.0143820224719101,211.0,-0.0130963517305894,217.1,0.0130657956136257,2.519762935449933
427,67,2022-12-27,AUTO/USDT,217.5,0.0149323378441437,217.9,-0.0063839489284085,204.9,-0.028909952606635,209.0,-0.0373099953938277,2.9632557056113416
428,68,2022-12-28,AUTO/USDT,209.0,-0.0390804597701149,243.0,0.1151904543368518,205.6,0.0034163006344558,220.6,0.0555023923444975,-5.829883353463863
429,69,2022-12-29,AUTO/USDT,220.6,0.0555023923444975,239.5,-0.0144032921810699,215.1,0.0462062256809339,218.7,-0.0086128739800543,-1.6541306376380074
430,70,2022-12-30,AUTO/USDT,218.4,-0.0099728014505892,228.6,-0.0455114822546972,215.1,0.0,222.3,0.0164609053497943,-10.534897087673903
431,71,2022-12-31,AUTO/USDT,222.8,0.02014652014652,224.0,-0.0201224846894138,219.3,0.0195258019525803,219.6,-0.0121457489878543,3.09942045791052
432,72,2023-01-01,AUTO/USDT,219.5,-0.0148114901256732,226.8,0.0124999999999999,216.8,-0.0113999088007296,221.8,0.0100182149362477,2.2289888199245187
433,73,2023-01-02,AUTO/USDT,222.5,0.0136674259681093,226.3,-0.0022045855379189,219.2,0.0110701107011068,223.3,0.0067628494138862,2.00243367780103
434,74,2023-01-03,AUTO/USDT,223.3,0.0035955056179775,228.0,0.0075121520106054,220.7,0.0068430656934306,224.2,0.0040304523063143,29.09056594994904
435,75,2023-01-04,AUTO/USDT,223.8,0.0022391401701746,229.6,0.0070175438596491,222.3,0.0072496601721794,226.7,0.011150758251561,1.06142767999351
436,76,2023-01-05,AUTO/USDT,226.8,0.0134048257372654,231.9,0.0100174216027875,225.8,0.0157444894286999,228.4,0.007498897220997,-6.8265325649264526
437,77,2023-01-06,AUTO/USDT,228.4,0.0070546737213403,230.4,-0.0064683053040103,222.9,-0.0128432240921169,229.9,0.0065674255691767,0.9304875594827101
438,78,2023-01-07,AUTO/USDT,230.2,0.0078809106830122,261.2,0.1336805555555555,227.5,0.0206370569762224,232.2,0.0100043497172683,-23.952009962567903
439,79,2023-01-08,AUTO/USDT,232.2,0.0086880973066898,240.2,-0.0803981623277182,230.0,0.0109890109890109,237.2,0.0215331610680447,1.9800750129039617
440,80,2023-01-09,AUTO/USDT,237.2,0.0215331610680447,242.7,0.0104079933388843,234.0,0.0173913043478259,237.2,0.0,0.0
441,81,2023-01-10,AUTO/USDT,237.6,0.0016863406408094,243.3,0.0024721878862794,235.0,0.0042735042735042,239.2,0.0084317032040472,0.5519892907086739
442,82,2023-01-11,AUTO/USDT,239.3,0.0071548821548821,241.5,-0.0073982737361283,233.5,-0.0063829787234042,240.0,0.0033444816053511,0.11605643962431944
443,83,2023-01-12,AUTO/USDT,239.9,0.0025073129962389,254.6,0.0542443064182194,237.0,0.0149892933618842,249.6,0.04,0.7945120439249032
444,84,2023-01-13,AUTO/USDT,249.2,0.038766152563568,258.8,0.0164964650432051,247.0,0.0421940928270041,256.0,0.0256410256410257,0.44605051428079256
445,85,2023-01-14,AUTO/USDT,255.3,0.024478330658106,324.5,0.2538639876352395,250.0,0.0121457489878542,292.4,0.1421874999999999,2.76492403906197
446,86,2023-01-15,AUTO/USDT,292.4,0.1453192322757539,304.9,-0.0604006163328197,272.5,0.09,281.3,-0.0379616963064294,9.535894379831422
447,87,2023-01-16,AUTO/USDT,281.3,-0.0379616963064294,300.0,-0.0160708428993111,279.2,0.0245871559633026,286.9,0.0199075719872021,1.3226194134358917
448,88,2023-01-17,AUTO/USDT,286.5,0.018485602559545,300.0,0.0,284.3,0.0182664756446992,285.5,-0.0048797490414778,2.033451126683463
449,89,2023-01-18,AUTO/USDT,285.5,-0.0034904013961605,292.6,-0.0246666666666666,250.1,-0.1202954625395709,258.3,-0.0952714535901926,4.402728976368891
450,90,2023-01-19,AUTO/USDT,258.2,-0.0956217162872155,277.9,-0.0502392344497609,254.4,0.0171931227508996,272.5,0.0549748354626402,2.8842497488929344
451,91,2023-01-20,AUTO/USDT,272.4,0.0549961270333074,289.3,0.0410219503418496,267.8,0.0526729559748428,288.0,0.0568807339449541,0.7511609935869168
452,92,2023-01-21,AUTO/USDT,287.9,0.0569016152716592,294.9,0.0193570687867263,276.6,0.0328603435399552,283.5,-0.015625,-3.0443111247205974
453,93,2023-01-22,AUTO/USDT,283.5,-0.0152830844043069,289.5,-0.0183112919633773,270.0,-0.0238611713665944,281.2,-0.0081128747795414,2.4427129401801104
454,94,2023-01-23,AUTO/USDT,281.6,-0.0067019400352732,310.0,0.0708117443868738,277.8,0.0288888888888889,298.4,0.061166429587482,6.659442600091102
455,95,2023-01-24,AUTO/USDT,298.3,0.0593039772727272,323.5,0.0435483870967741,274.9,-0.0104391648668107,283.1,-0.05127345844504,4.143763742357326
456,96,2023-01-25,AUTO/USDT,283.0,-0.0512906469996647,299.4,-0.0744976816074188,279.0,0.0149145143688615,290.8,0.0271988696573648,1.4381241095186987
457,97,2023-01-26,AUTO/USDT,291.0,0.028268551236749,305.0,0.0187040748162994,290.0,0.039426523297491,301.8,0.0378266850068775,-17.00758263487201
458,98,2023-01-27,AUTO/USDT,301.6,0.036426116838488,318.7,0.0449180327868852,286.0,-0.0137931034482758,313.0,0.0371106693174287,13.236761932410337
459,99,2023-01-28,AUTO/USDT,312.8,0.0371352785145888,313.6,-0.0160025101976779,294.6,0.03006993006993,298.3,-0.0469648562300318,21.017738693342373
460,100,2023-01-29,AUTO/USDT,298.6,-0.04539641943734,329.6,0.0510204081632652,296.7,0.0071283095723013,309.9,0.0388870264834058,1.2439633957438614
461,101,2023-01-30,AUTO/USDT,310.2,0.0388479571332884,316.0,-0.0412621359223301,286.7,-0.0337040781934614,290.8,-0.0616327847692803,1.597231966192973
462,102,2023-01-31,AUTO/USDT,291.0,-0.0618955512572533,302.0,-0.0443037974683544,288.4,0.0059295430763863,296.9,0.0209766162310864,1.6014963829795188
463,103,2023-02-01,AUTO/USDT,296.8,0.0199312714776631,299.8,-0.0072847682119204,277.3,-0.0384882108183077,296.9,0.0,0.0
464,104,2023-02-02,AUTO/USDT,297.3,0.0016846361185984,317.3,0.0583722481654436,288.6,0.0407500901550668,291.0,-0.0198720107780396,1.9350717024107467
465,105,2023-02-03,AUTO/USDT,291.2,-0.0205179952909519,301.3,-0.0504254648597541,288.0,-0.0020790020790021,295.0,0.0137457044673539,-5.660449289821769
466,106,2023-02-04,AUTO/USDT,295.0,0.0130494505494505,305.9,0.0152671755725188,291.0,0.0104166666666667,300.9,0.02,-4.460670093280042
467,107,2023-02-05,AUTO/USDT,300.4,0.0183050847457626,350.1,0.1444916639424649,295.7,0.0161512027491408,338.0,0.1232967763376537,-7.301104699170506
468,108,2023-02-06,AUTO/USDT,338.0,0.1251664447403462,355.4,0.0151385318480432,307.7,0.0405816706121069,316.3,-0.0642011834319525,8.640882455182156
469,109,2023-02-07,AUTO/USDT,316.5,-0.0636094674556213,365.0,0.0270118176702307,315.8,0.0263243418914527,340.9,0.0777742649383494,3.7041014795674854
470,110,2023-02-08,AUTO/USDT,341.3,0.0783570300157978,390.0,0.0684931506849315,310.0,-0.0183660544648511,372.2,0.0918157817541802,-7.6906256874027665
471,111,2023-02-09,AUTO/USDT,372.7,0.092001171989452,420.0,0.0769230769230768,325.5,0.05,335.4,-0.0988715744223536,1.9460746268893867
472,112,2023-02-10,AUTO/USDT,335.7,-0.0992755567480547,341.5,-0.1869047619047619,301.9,-0.0725038402457758,310.3,-0.0748360166964817,9.529983714199417
473,113,2023-02-11,AUTO/USDT,310.6,-0.0747691391123025,404.0,0.1830161054172767,309.0,0.0235177210997019,346.9,0.1179503706090878,10.746120555240735
474,114,2023-02-12,AUTO/USDT,346.7,0.116226658081133,397.0,-0.0173267326732673,338.5,0.0954692556634304,343.6,-0.009512827904295,2.63225763446461
475,115,2023-02-13,AUTO/USDT,343.3,-0.0098067493510238,360.0,-0.0931989924433249,299.1,-0.1163958641063515,316.7,-0.0782887077997672,178.20325996917538
476,116,2023-02-14,AUTO/USDT,316.8,-0.0771919603845033,332.3,-0.0769444444444443,309.5,0.0347709796054831,318.6,0.0059993684875276,0.3067369607306748
477,117,2023-02-15,AUTO/USDT,319.9,0.0097853535353533,342.0,0.0291904905206139,310.2,0.0022617124394184,339.3,0.0649717514124292,0.6790112493000702
478,118,2023-02-16,AUTO/USDT,339.4,0.060956548921538,342.8,0.0023391812865496,316.6,0.0206318504190845,318.3,-0.0618921308576481,1.8670609869259291
479,119,2023-02-17,AUTO/USDT,318.8,-0.0606953447259869,331.2,-0.0338389731621937,316.7,0.0003158559696776,325.4,0.0223060006283379,0.49853768315236435
480,120,2023-02-18,AUTO/USDT,325.4,0.0207026348808028,331.2,0.0,320.0,0.0104199557941269,324.2,-0.0036877688998155,-1.461896922158845
481,121,2023-02-19,AUTO/USDT,324.2,-0.0036877688998155,347.3,0.0486111111111111,321.3,0.0040625,329.2,0.0154225786551511,-1.0546883208993814
482,122,2023-02-20,AUTO/USDT,329.2,0.0154225786551511,355.4,0.0233227756982434,318.2,-0.0096483037659509,350.2,0.0637910085054678,2.7142557474978375
483,123,2023-02-21,AUTO/USDT,350.2,0.0637910085054678,360.0,0.0129431626336522,331.1,0.0405405405405405,341.9,-0.0237007424328955,1.5095338520830637
484,124,2023-02-22,AUTO/USDT,341.9,-0.0237007424328955,343.1,-0.0469444444444443,317.8,-0.040169133192389,328.0,-0.040655162328166,3.682558007313555
485,125,2023-02-23,AUTO/USDT,328.0,-0.040655162328166,343.0,-0.0002914602156806,320.0,0.0069225928256764,324.5,-0.010670731707317,1.066244679971903
486,126,2023-02-24,AUTO/USDT,323.8,-0.0128048780487805,328.2,-0.0431486880466472,303.8,-0.0506249999999999,312.4,-0.0372881355932204,1.1825057605924088
487,127,2023-02-25,AUTO/USDT,312.4,-0.0352069178505251,314.7,-0.0411334552102377,299.0,-0.0157998683344305,311.3,-0.0035211267605632,2.8929250556492576
488,128,2023-02-26,AUTO/USDT,311.2,-0.0038412291933418,313.3,-0.0044486812837621,300.0,0.0033444816053511,311.0,-0.0009637006103437,-0.05610257552609957
489,129,2023-02-27,AUTO/USDT,310.9,-0.0009640102827763,314.7,0.0044685604851579,296.3,-0.0123333333333333,304.2,-0.0218649517684887,8.206272453218492
490,130,2023-02-28,AUTO/USDT,303.9,-0.0225152782245094,306.2,-0.027009850651414,283.1,-0.0445494431319608,287.5,-0.0548980933596318,3.679307742875952
491,131,2023-03-01,AUTO/USDT,287.4,-0.0542941757156959,300.2,-0.0195950359242325,285.3,0.0077711056163898,298.7,0.0389565217391303,1.84964110542185
492,132,2023-03-02,AUTO/USDT,298.7,0.0393180236604036,300.3,0.0003331112591606,284.9,-0.0014020329477744,290.1,-0.0287914295279543,4.157114723942221
493,133,2023-03-03,AUTO/USDT,290.1,-0.0287914295279543,290.6,-0.0323010323010322,263.7,-0.0744120744120744,270.5,-0.0675629093416064,1.4270151468359358
494,134,2023-03-04,AUTO/USDT,270.8,-0.0665287831782144,274.7,-0.0547143840330351,252.0,-0.0443686006825938,257.6,-0.0476894639556376,137.20289468241901
495,135,2023-03-05,AUTO/USDT,257.6,-0.0487444608567207,264.8,-0.0360393156170366,255.5,0.0138888888888888,260.4,0.0108695652173911,2.903041711485576
496,136,2023-03-06,AUTO/USDT,260.0,0.0093167701863352,264.3,-0.0018882175226586,255.1,-0.0015655577299412,260.5,0.000384024577573,-0.4255811976709788
497,137,2023-03-07,AUTO/USDT,260.3,0.0011538461538462,273.6,0.0351872871736662,255.8,0.0027440219521757,266.2,0.021880998080614,-2.312550306482557
498,138,2023-03-08,AUTO/USDT,266.8,0.0249711870918172,267.0,-0.0241228070175439,242.9,-0.0504300234558249,244.7,-0.0807663410969196,3.6401527024603673
499,139,2023-03-09,AUTO/USDT,244.6,-0.083208395802099,248.2,-0.0704119850187265,220.3,-0.0930424042815973,225.4,-0.0788720882713526,1.2745145096473784
500,140,2023-03-10,AUTO/USDT,225.2,-0.0793131643499591,235.1,-0.0527800161160354,210.1,-0.0463004993191104,228.0,0.0115350488021295,-1.1103824583732678
501,141,2023-03-11,AUTO/USDT,227.9,0.0119893428063944,236.0,0.0038281582305401,212.9,0.0133269871489767,223.0,-0.0219298245614034,-1.4486660650774499
502,142,2023-03-12,AUTO/USDT,222.8,-0.022378236068451,240.4,0.0186440677966102,220.3,0.0347581023954908,239.5,0.0739910313901346,0.9819386267747835
503,143,2023-03-13,AUTO/USDT,239.6,0.0754039497307001,249.9,0.0395174708818635,230.2,0.0449387199273716,244.0,0.0187891440501044,0.1952904588876203
504,144,2023-03-14,AUTO/USDT,244.1,0.0187813021702838,260.2,0.0412164865946378,235.5,0.0230234578627281,245.3,0.0053278688524591,0.2306815201486644
505,145,2023-03-15,AUTO/USDT,245.3,0.0049160180253995,257.4,-0.01076095311299,231.3,-0.0178343949044585,238.1,-0.0293518141051774,1.882056629547794
506,146,2023-03-16,AUTO/USDT,238.1,-0.0293518141051774,246.6,-0.0419580419580418,235.0,0.01599654128837,245.2,0.0298194036119276,1.015514776646354
507,147,2023-03-17,AUTO/USDT,245.4,0.0306593868122637,258.5,0.0482562854825627,243.5,0.0361702127659575,257.9,0.0517944535073409,0.5403209666577268
508,148,2023-03-18,AUTO/USDT,258.0,0.0513447432762836,261.7,0.0123791102514505,243.8,0.0012320328542094,244.0,-0.0538968592477703,3.0278719253637356
509,149,2023-03-19,AUTO/USDT,243.9,-0.0546511627906977,256.2,-0.0210164310278945,243.9,0.0004101722723544,250.3,0.0258196721311476,0.6521077640580221
510,150,2023-03-20,AUTO/USDT,250.6,0.0274702747027468,260.4,0.0163934426229508,240.9,-0.0123001230012299,241.8,-0.0339592489013184,3.712724360252573
511,151,2023-03-21,AUTO/USDT,241.8,-0.0351157222665602,249.0,-0.0437788018433178,235.4,-0.0228310502283105,248.6,0.0281224152191892,2.0065624873974652
512,152,2023-03-22,AUTO/USDT,248.7,0.0285359801488833,252.0,0.0120481927710842,225.5,-0.0420560747663552,229.3,-0.0776347546259049,2.5534947537691455
513,153,2023-03-23,AUTO/USDT,229.8,-0.0759951749095294,240.3,-0.0464285714285713,228.2,0.0119733924611973,237.6,0.0361971216746619,0.9444359435128495
514,154,2023-03-24,AUTO/USDT,237.7,0.0343777197563097,238.2,-0.0087390761548066,225.4,-0.0122699386503066,229.8,-0.0328282828282827,1.1045850146529168
515,155,2023-03-25,AUTO/USDT,229.7,-0.0336558687421119,230.1,-0.0340050377833752,219.4,-0.0266193433895297,223.3,-0.0282854656222802,-91.57576266076829
516,156,2023-03-26,AUTO/USDT,223.3,-0.0278624292555506,231.1,0.0043459365493263,222.5,0.0141294439380126,227.3,0.0179131213613972,0.9739599213858339
517,157,2023-03-27,AUTO/USDT,227.0,0.0165696372592922,228.1,-0.012981393336218,211.7,-0.0485393258426967,219.3,-0.0351957765068191,1.1674896661664067
518,158,2023-03-28,AUTO/USDT,219.4,-0.0334801762114537,223.5,-0.0201665935992985,213.5,0.0085025980160604,221.0,0.0077519379844961,1.5442906885652021
519,159,2023-03-29,AUTO/USDT,220.4,0.0045578851412944,233.4,0.0442953020134229,220.0,0.0304449648711944,232.4,0.0515837104072398,1.2930467575804805
520,160,2023-03-30,AUTO/USDT,232.4,0.0544464609800363,236.0,0.0111396743787488,216.9,-0.014090909090909,220.6,-0.0507745266781411,4.497099843746552
521,161,2023-03-31,AUTO/USDT,220.9,-0.0494836488812392,226.9,-0.0385593220338983,217.5,0.0027662517289073,226.4,0.0262919310970082,1.6869816164421603
522,162,2023-04-01,AUTO/USDT,226.0,0.0230873698506111,228.0,0.0048479506390479,221.6,0.0188505747126437,227.1,0.0030918727915194,-6.968430093808602
523,163,2023-04-02,AUTO/USDT,227.2,0.0053097345132742,229.6,0.0070175438596491,219.0,-0.0117328519855595,221.7,-0.023778071334214,2.4088551007374717
524,164,2023-04-03,AUTO/USDT,221.7,-0.0242077464788732,225.0,-0.0200348432055749,214.7,-0.019634703196347,220.1,-0.0072169598556607,0.546737448164394
525,165,2023-04-04,AUTO/USDT,220.2,-0.006765899864682,224.9,-0.0004444444444444,218.4,0.0172333488588729,222.6,0.0113584734211722,0.8639985802079124
526,166,2023-04-05,AUTO/USDT,222.6,0.0108991825613078,227.8,0.012894619831036,219.3,0.0041208791208791,223.6,0.0044923629829289,27.86993718609497
527,167,2023-04-06,AUTO/USDT,223.5,0.0040431266846361,227.0,-0.0035118525021949,219.8,0.0022799817601459,222.4,-0.0053667262969587,1.1100722039253277
528,168,2023-04-07,AUTO/USDT,222.7,-0.003579418344519,223.3,-0.0162995594713656,216.8,-0.013648771610555,219.3,-0.0139388489208632,3.0650182889221687
529,169,2023-04-08,AUTO/USDT,219.3,-0.0152671755725189,250.5,0.1218092252575011,218.2,0.0064575645756457,237.2,0.0816233470132237,71.07045421078344
530,170,2023-04-09,AUTO/USDT,237.5,0.0829913360693113,245.7,-0.0191616766467066,227.7,0.0435380384967918,234.6,-0.0109612141652614,-0.7946405278178869
531,171,2023-04-10,AUTO/USDT,234.6,-0.0122105263157894,238.2,-0.0305250305250305,226.9,-0.0035133948177425,236.0,0.0059676044330776,0.1286750679345194
532,172,2023-04-11,AUTO/USDT,236.0,0.0059676044330776,239.6,0.0058774139378674,112.3,-0.5050683120317321,135.7,-0.425,-22.369591354692286
533,173,2023-04-12,AUTO/USDT,135.7,-0.425,151.0,-0.3697829716193656,120.0,0.0685663401602849,123.2,-0.0921149594694177,8.906388552135128
534,174,2023-04-13,AUTO/USDT,123.1,-0.0928518791451731,128.2,-0.1509933774834437,114.1,-0.0491666666666666,119.8,-0.0275974025974026,-1.6979910258956965
535,175,2023-04-14,AUTO/USDT,119.9,-0.025995125913891,120.5,-0.0600624024960997,101.1,-0.1139351446099912,106.3,-0.1126878130217028,-36.76830596918183
536,176,2023-04-15,AUTO/USDT,106.4,-0.1125938281901585,177.5,0.4730290456431536,105.7,0.0454995054401583,131.5,0.2370649106302915,-42.03119202531054
537,177,2023-04-16,AUTO/USDT,131.4,0.2349624060150374,132.0,-0.2563380281690141,116.0,0.0974456007568589,118.0,-0.1026615969581749,-325.3286944969773
538,178,2023-04-17,AUTO/USDT,118.0,-0.1019786910197869,118.9,-0.0992424242424242,101.5,-0.125,102.5,-0.1313559322033898,4.552592180570755
539,179,2023-04-18,AUTO/USDT,102.5,-0.1313559322033898,103.8,-0.1269974768713204,95.1,-0.0630541871921183,95.3,-0.0702439024390244,-2.176697848499752
