,Kline open time,Coin,Open price,Daily Open price pct_change,High price,Daily High price pct_change,Low price,Daily Low price pct_change,Close price,Daily Close price pct_change
0,1667520000000,ONG/USDT,0.3238,,0.338,,0.3202,,0.3378,
1,1667606400000,ONG/USDT,0.338,0.04385423100679442,0.347,0.026627218934911046,0.3346,0.04497189256714562,0.3384,0.001776198934280604
2,1667692800000,ONG/USDT,0.3375,-0.0014792899408283544,0.3401,-0.019884726224783766,0.3257,-0.02659892408846387,0.3286,-0.02895981087470445
3,1667779200000,ONG/USDT,0.3284,-0.026962962962962966,0.3357,-0.012937371361364303,0.3205,-0.015965612526865125,0.3294,0.00243457090687782
4,1667865600000,ONG/USDT,0.3284,0.0,0.3305,-0.015490020851951058,0.27,-0.15756630265210603,0.2867,-0.12962962962962965
5,1667952000000,ONG/USDT,0.2875,-0.12454323995127903,0.2922,-0.11588502269288958,0.2095,-0.2240740740740742,0.2174,-0.24171607952563656
6,1668038400000,ONG/USDT,0.2172,-0.24452173913043473,0.2617,-0.10438056125941142,0.2152,0.027207637231503545,0.2563,0.1789328426862924
7,1668124800000,ONG/USDT,0.2554,0.1758747697974219,0.2621,0.0015284677111195855,0.2324,0.07992565055762069,0.2429,-0.05228248146703074
8,1668211200000,ONG/USDT,0.2437,-0.04581049334377452,0.302,0.15223197252956888,0.2296,-0.012048192771084376,0.24,-0.01193906957595725
9,1668297600000,ONG/USDT,0.24,-0.015182601559294295,0.2424,-0.1973509933774834,0.2232,-0.027874564459930307,0.2294,-0.04416666666666669
10,1668384000000,ONG/USDT,0.2294,-0.04416666666666669,0.2296,-0.05280528052805278,0.2104,-0.05734767025089604,0.2276,-0.007846556233653046
11,1668470400000,ONG/USDT,0.2281,-0.005666957279860441,0.255,0.11062717770034847,0.2242,0.06558935361216722,0.239,0.05008787346221433
12,1668556800000,ONG/USDT,0.239,0.04778605874616404,0.2434,-0.04549019607843141,0.2277,0.015611061552185612,0.2351,-0.016317991631799145
13,1668643200000,ONG/USDT,0.2358,-0.013389121338912013,0.2358,-0.03122432210353321,0.226,-0.007465963987703161,0.2322,-0.012335176520629543
14,1668729600000,ONG/USDT,0.2325,-0.013994910941475869,0.2432,0.031382527565733565,0.2309,0.021681415929203585,0.2382,0.025839793281653867
15,1668816000000,ONG/USDT,0.2377,0.022365591397849327,0.288,0.18421052631578938,0.2366,0.0246860112602858,0.2537,0.06507136859781681
16,1668902400000,ONG/USDT,0.2537,0.06731173748422381,0.365,0.26736111111111116,0.2429,0.026627218934911268,0.2537,0.0
17,1668988800000,ONG/USDT,0.2529,-0.0031533307055575666,0.2533,-0.30602739726027384,0.2331,-0.04034582132564846,0.2452,-0.033504138746551004
18,1669075200000,ONG/USDT,0.2468,-0.024120205614867607,0.2654,0.04776944334780886,0.2337,0.002574002574002421,0.2489,0.015089722675367012
19,1669161600000,ONG/USDT,0.2494,0.010534846029173428,0.2584,-0.026375282592313476,0.245,0.048352588789045914,0.258,0.036560867818400844
20,1669248000000,ONG/USDT,0.2575,0.03247794707297502,0.259,0.0023219814241486336,0.2442,-0.0032653061224489077,0.2566,-0.005426356589147363
21,1669334400000,ONG/USDT,0.2566,-0.0034951456310680085,0.2585,-0.0019305019305019266,0.2442,0.0,0.2546,-0.0077942322681215925
22,1669420800000,ONG/USDT,0.2546,-0.0077942322681215925,0.2561,-0.009284332688588082,0.2479,0.015151515151515138,0.255,0.0015710919088767206
23,1669507200000,ONG/USDT,0.254,-0.00235663786331497,0.2608,0.01835220616946498,0.2518,0.01573215006050832,0.2559,0.003529411764706003
24,1669593600000,ONG/USDT,0.2559,0.007480314960629952,0.2559,-0.018788343558282072,0.2404,-0.04527402700556005,0.2541,-0.00703399765533419
25,1669680000000,ONG/USDT,0.2541,-0.00703399765533419,0.286,0.11762407190308699,0.2476,0.029950083194675514,0.2586,0.017709563164108655
26,1669766400000,ONG/USDT,0.2579,0.01495474222746962,0.263,-0.0804195804195803,0.2544,0.027463651050080973,0.2629,0.016627996906419362
27,1669852800000,ONG/USDT,0.2627,0.01861186506397816,0.2628,-0.0007604562737644205,0.2558,0.005503144654088077,0.2588,-0.015595283377710323
28,1669939200000,ONG/USDT,0.2599,-0.010658545869813407,0.2631,0.0011415525114155667,0.2529,-0.011336982017201014,0.2631,0.016615146831530314
29,1670025600000,ONG/USDT,0.2626,0.010388611004232384,0.2628,-0.0011402508551882073,0.257,0.016211941478845304,0.2597,-0.012922843025465647
30,1670112000000,ONG/USDT,0.2584,-0.015993907083015957,0.262,-0.003044140030441289,0.2561,-0.0035019455252919274,0.262,0.008856372737774398
31,1670198400000,ONG/USDT,0.261,0.010061919504643857,0.2676,0.021374045801526798,0.2506,-0.02147598594299105,0.2572,-0.018320610687022953
32,1670284800000,ONG/USDT,0.2572,-0.014559386973180155,0.2603,-0.027279521674140605,0.255,0.017557861133280284,0.2597,0.009720062208398161
33,1670371200000,ONG/USDT,0.26,0.010886469673405896,0.26,-0.0011525163273145012,0.2471,-0.030980392156862768,0.2526,-0.027339237581825215
34,1670457600000,ONG/USDT,0.2543,-0.021923076923076823,0.2637,0.014230769230769047,0.249,0.007689194658033305,0.2595,0.027315914489311144
35,1670544000000,ONG/USDT,0.2586,0.016909162406606226,0.2632,-0.0018960940462646736,0.2565,0.030120481927710774,0.2621,0.010019267822735989
36,1670630400000,ONG/USDT,0.2621,0.013534416086620205,0.286,0.08662613981762912,0.2587,0.008576998050682239,0.2655,0.01297214803510105
37,1670716800000,ONG/USDT,0.2652,0.01182754673788633,0.2712,-0.051748251748251706,0.2605,0.006957866254348799,0.261,-0.016949152542372947
38,1670803200000,ONG/USDT,0.2616,-0.013574660633484115,0.2616,-0.03539823008849552,0.2486,-0.045681381957773604,0.2567,-0.016475095785440708
39,1670889600000,ONG/USDT,0.2569,-0.017966360856269015,0.3075,0.1754587155963303,0.2515,0.01166532582461799,0.2818,0.09777950915465539
40,1670976000000,ONG/USDT,0.2814,0.0953678474114441,0.2815,-0.08455284552845532,0.2626,0.044135188866799124,0.2643,-0.06210078069552882
41,1671062400000,ONG/USDT,0.2649,-0.05863539445628985,0.2695,-0.04262877442273516,0.2505,-0.04607768469154605,0.2543,-0.03783579265985604
42,1671148800000,ONG/USDT,0.2543,-0.040015100037750106,0.2576,-0.04415584415584428,0.2248,-0.10259481037924156,0.229,-0.09948879276445144
43,1671235200000,ONG/USDT,0.2286,-0.10106173810460095,0.2313,-0.10209627329192539,0.2175,-0.03247330960854089,0.2281,-0.003930131004366899
44,1671321600000,ONG/USDT,0.2279,-0.0030621172353456627,0.2333,0.008646779074794608,0.2245,0.03218390804597715,0.231,0.012713722051731713
45,1671408000000,ONG/USDT,0.2308,0.012724879333040784,0.2319,-0.0060008572653236225,0.21,-0.06458797327394217,0.2178,-0.05714285714285716
46,1671494400000,ONG/USDT,0.218,-0.0554592720970537,0.2362,0.018542475204829767,0.214,0.01904761904761898,0.2319,0.06473829201101933
47,1671580800000,ONG/USDT,0.232,0.06422018348623859,0.2364,0.0008467400508043177,0.2174,0.015887850467289688,0.2299,-0.00862440707201384
48,1671667200000,ONG/USDT,0.2301,-0.008189655172413879,0.2319,-0.019035532994923887,0.2237,0.02897884084636604,0.2309,0.004349717268377518
49,1671753600000,ONG/USDT,0.2298,-0.0013037809647978849,0.2346,0.011642949547218562,0.2276,0.01743406347787202,0.2313,0.0017323516673886097
50,1671840000000,ONG/USDT,0.2312,0.006092254134029584,0.2396,0.021312872975277175,0.2289,0.005711775043936607,0.2386,0.03156074362300054
51,1671926400000,ONG/USDT,0.2382,0.030276816608996615,0.2558,0.06761268781302188,0.2315,0.011358671909130758,0.2356,-0.012573344509639539
52,1672012800000,ONG/USDT,0.2359,-0.00965575146935349,0.2362,-0.076622361219703,0.228,-0.015118790496760237,0.2321,-0.014855687606112111
53,1672099200000,ONG/USDT,0.232,-0.016532428995336912,0.233,-0.013547840812870415,0.2266,-0.0061403508771930015,0.2298,-0.009909521757862971
54,1672185600000,ONG/USDT,0.2297,-0.00991379310344842,0.2297,-0.014163090128755496,0.2147,-0.0525154457193292,0.2166,-0.05744125326370764
55,1672272000000,ONG/USDT,0.2166,-0.057030909882455405,0.2187,-0.04788855028297767,0.2094,-0.024685607824871947,0.2161,-0.0023084025854108736
56,1672358400000,ONG/USDT,0.2162,-0.0018467220683285879,0.2191,0.0018289894833103393,0.2066,-0.013371537726838523,0.2112,-0.022674687644608893
57,1672444800000,ONG/USDT,0.212,-0.01942645698427381,0.2175,-0.007302601551802734,0.2105,0.01887705711519838,0.2128,0.007575757575757569
58,1672531200000,ONG/USDT,0.2129,0.004245283018867951,0.2203,0.012873563218390727,0.2105,0.0,0.2196,0.03195488721804507
59,1672617600000,ONG/USDT,0.2196,0.03147017379051187,0.2285,0.03722197004085337,0.2138,0.015676959619952413,0.2211,0.006830601092896238
60,1672704000000,ONG/USDT,0.2203,0.0031876138433515333,0.2208,-0.03369803063457333,0.2161,0.010757717492984042,0.2176,-0.01582994120307557
61,1672790400000,ONG/USDT,0.2178,-0.01134816159782115,0.2238,0.013586956521739246,0.2159,-0.0009254974548819073,0.221,0.015625
62,1672876800000,ONG/USDT,0.2213,0.016069788797061557,0.2213,-0.011170688114387817,0.2132,-0.012505789717461857,0.2184,-0.0117647058823529
63,1672963200000,ONG/USDT,0.218,-0.014911884319927737,0.2192,-0.009489380930863045,0.2116,-0.007504690431519689,0.218,-0.001831501831501936
64,1673049600000,ONG/USDT,0.2184,0.0018348623853210455,0.2188,-0.0018248175182482562,0.2164,0.022684310018903586,0.218,0.0
65,1673136000000,ONG/USDT,0.2183,-0.00045787545787556727,0.2243,0.025137111517367527,0.2154,-0.004621072088724643,0.2241,0.027981651376146832
66,1673222400000,ONG/USDT,0.2238,0.025194686211635453,0.2335,0.04101649576460109,0.2221,0.03110492107706575,0.2309,0.03034359660865693
67,1673308800000,ONG/USDT,0.2309,0.03172475424486154,0.235,0.0064239828693788414,0.2264,0.01936064835659601,0.2347,0.01645734084019046
68,1673395200000,ONG/USDT,0.2345,0.015591165006496377,0.244,0.038297872340425476,0.2311,0.02075971731448778,0.2428,0.03451214316148277
69,1673481600000,ONG/USDT,0.2425,0.034115138592750505,0.2454,0.005737704918032938,0.2332,0.009086975335352632,0.2445,0.007001647446458037
70,1673568000000,ONG/USDT,0.2449,0.009896907216494943,0.2527,0.02974735126324357,0.239,0.02487135506003435,0.2513,0.027811860940695432
71,1673654400000,ONG/USDT,0.2518,0.028174765210289943,0.2697,0.06727344677483194,0.2452,0.025941422594142338,0.2625,0.04456824512534818
72,1673740800000,ONG/USDT,0.2627,0.04328832406671945,0.2849,0.05635891731553566,0.2462,0.004078303425774976,0.2715,0.03428571428571425
73,1673827200000,ONG/USDT,0.2709,0.031214312904453756,0.2895,0.016146016146016073,0.2587,0.050771730300568585,0.2853,0.05082872928176796
74,1673913600000,ONG/USDT,0.2845,0.0502030269472129,0.2892,-0.0010362694300517505,0.2707,0.046385775028991105,0.2875,0.007711181212758378
75,1674000000000,ONG/USDT,0.2884,0.013708260105448122,0.3053,0.05567081604426005,0.2627,-0.029553010712966454,0.2711,-0.05704347826086942
76,1674086400000,ONG/USDT,0.271,-0.060332871012482525,0.2818,-0.07697346871929256,0.2669,0.015987818804720444,0.2814,0.03799336038362222
77,1674172800000,ONG/USDT,0.2811,0.03726937269372699,0.2954,0.04826117814052511,0.2739,0.02622705133008596,0.2951,0.048685145700070986
78,1674259200000,ONG/USDT,0.2951,0.04980434009249368,0.3103,0.0504400812457686,0.288,0.05147864184008766,0.2922,-0.009827177228058148
79,1674345600000,ONG/USDT,0.2921,-0.010166045408335989,0.2942,-0.051885272317112485,0.2875,-0.0017361111111111605,0.2915,-0.0023956194387406704
80,1674432000000,ONG/USDT,0.2917,-0.001369394043135963,0.2965,0.007817811012916343,0.2874,-0.0003478260869564931,0.2943,0.009605488850771948
81,1674518400000,ONG/USDT,0.2945,0.009598902982516089,0.3132,0.0563237774030354,0.2771,-0.03583855254001389,0.2863,-0.0271831464492015
82,1674604800000,ONG/USDT,0.2866,-0.02682512733446507,0.313,-0.0006385696040868138,0.277,-0.00036088054853844476,0.2957,0.032832692979392286
83,1674691200000,ONG/USDT,0.2954,0.030704815073272718,0.2994,-0.04345047923322687,0.2894,0.04476534296028878,0.2977,0.006763611768684452
84,1674777600000,ONG/USDT,0.2973,0.006431956668923489,0.3214,0.07348029392117583,0.2888,-0.0020732550103662595,0.3123,0.049042660396372284
85,1674864000000,ONG/USDT,0.3128,0.052135889673730285,0.3128,-0.026757934038581177,0.2981,0.03220221606648188,0.3046,-0.024655779699007452
86,1674950400000,ONG/USDT,0.3046,-0.026214833759590883,0.3114,-0.004475703324808178,0.3008,0.009057363300905896,0.3097,0.016743269862114163
87,1675036800000,ONG/USDT,0.3097,0.016743269862114163,0.345,0.10789980732177251,0.2881,-0.04222074468085102,0.2964,-0.042944785276073594
88,1675123200000,ONG/USDT,0.296,-0.04423635776557955,0.296,-0.1420289855072464,0.2841,-0.013884068031933317,0.2941,-0.00775978407557365
89,1675209600000,ONG/USDT,0.294,-0.006756756756756799,0.2989,0.00979729729729728,0.2765,-0.026751143963393176,0.2974,0.011220673240394552
90,1675296000000,ONG/USDT,0.2972,0.010884353741496655,0.3046,0.01906992305118771,0.2955,0.06871609403254952,0.3005,0.010423671822461289
91,1675382400000,ONG/USDT,0.3001,0.009757738896365886,0.3107,0.020026263952724888,0.2967,0.004060913705583813,0.3105,0.03327787021630613
92,1675468800000,ONG/USDT,0.3087,0.028657114295234987,0.3299,0.06179594464113314,0.3076,0.036737445230872856,0.3257,0.04895330112721408
93,1675555200000,ONG/USDT,0.3265,0.05766115970197605,0.3537,0.07214307365868433,0.3001,-0.024382314694408325,0.3179,-0.023948418790297743
94,1675641600000,ONG/USDT,0.3175,-0.027565084226646275,0.3277,-0.07350862312694384,0.3112,0.036987670776407855,0.3163,-0.005033029254482457
95,1675728000000,ONG/USDT,0.3164,-0.003464566929133772,0.3262,-0.004577357339029642,0.3095,-0.005462724935732632,0.3238,0.023711666139740517
96,1675814400000,ONG/USDT,0.3238,0.023388116308470153,0.3273,0.0033721643163702186,0.3086,-0.0029079159935380128,0.326,0.006794317479926093
97,1675900800000,ONG/USDT,0.326,0.006794317479926093,0.5096,0.5569813626642226,0.304,-0.014906027219701912,0.3271,0.0033742331288342253
98,1675987200000,ONG/USDT,0.3267,0.0021472392638035576,0.377,-0.2602040816326532,0.3077,0.012171052631578805,0.3189,-0.02506878630388254
99,1676073600000,ONG/USDT,0.3185,-0.025099479644934197,0.3186,-0.15490716180371356,0.3041,-0.011699707507312307,0.3126,-0.019755409219191056
100,1676160000000,ONG/USDT,0.3123,-0.019466248037676603,0.319,0.0012554927809165228,0.3037,-0.0013153567905292984,0.309,-0.01151631477927062
101,1676246400000,ONG/USDT,0.3086,-0.011847582452769845,0.3086,-0.03260188087774296,0.2799,-0.07836680935133367,0.2924,-0.05372168284789647
102,1676332800000,ONG/USDT,0.292,-0.05379131561892414,0.2973,-0.0366169799092676,0.2817,0.00643086816720273,0.2961,0.012653898768809846
103,1676419200000,ONG/USDT,0.2967,0.016095890410958935,0.3158,0.062226707029936046,0.2946,0.04579339723109688,0.3153,0.0648429584599799
104,1676505600000,ONG/USDT,0.3153,0.06268958543983816,0.33,0.04496516782773896,0.3081,0.04582484725050917,0.3161,0.002537266095781643
105,1676592000000,ONG/USDT,0.317,0.005391690453536269,0.35,0.06060606060606055,0.3101,0.006491398896462108,0.3329,0.053147738057576666
106,1676678400000,ONG/USDT,0.3326,0.04921135646687702,0.37,0.05714285714285716,0.3291,0.06127055788455338,0.3457,0.038449984980474694
107,1676764800000,ONG/USDT,0.3456,0.03908598917618766,0.3487,-0.057567567567567535,0.3325,0.010331206320267405,0.3402,-0.015909748336708107
108,1676851200000,ONG/USDT,0.3403,-0.015335648148148251,0.3742,0.07312876398049895,0.3274,-0.015338345864661651,0.3694,0.08583186360964135
109,1676937600000,ONG/USDT,0.3688,0.08374963267704971,0.3848,0.028327097808658497,0.3395,0.03695784972510685,0.3489,-0.055495397942609714
110,1677024000000,ONG/USDT,0.3485,-0.055043383947939395,0.3563,-0.07406444906444898,0.328,-0.03387334315169366,0.3426,-0.018056749785038573
111,1677110400000,ONG/USDT,0.3414,-0.020373027259684373,0.3439,-0.03480213303396018,0.3318,0.011585365853658436,0.3386,-0.011675423234092208
112,1677196800000,ONG/USDT,0.3381,-0.009666080843585112,0.3471,0.009305030532131608,0.3301,-0.005123568414707624,0.3401,0.004430005906674639
113,1677283200000,ONG/USDT,0.3397,0.00473232771369414,0.3397,-0.02131950446557196,0.3252,-0.014843986670705855,0.3308,-0.027344898559247377
114,1677369600000,ONG/USDT,0.3307,-0.02649396526346781,0.3396,-0.00029437739181625844,0.3258,0.0018450184501843658,0.3367,0.0178355501813785
115,1677456000000,ONG/USDT,0.3363,0.01693377683701236,0.3443,0.013839811542991631,0.326,0.0006138735420504471,0.3366,-0.00029700029700030495
116,1677542400000,ONG/USDT,0.3365,0.0005947071067500254,0.3367,-0.0220737728724949,0.3233,-0.008282208588957118,0.325,-0.03446226975638744
117,1677628800000,ONG/USDT,0.3251,-0.03387815750371481,0.3343,-0.007128007128007208,0.3189,-0.013609650479430746,0.3336,0.026461538461538536
118,1677715200000,ONG/USDT,0.3336,0.026145801291910242,0.334,-0.0008973975471132656,0.3106,-0.026026967701473946,0.3183,-0.04586330935251792
119,1677801600000,ONG/USDT,0.3183,-0.04586330935251792,0.339,0.014970059880239583,0.2891,-0.06922086284610418,0.2968,-0.06754633993088288
120,1677888000000,ONG/USDT,0.2957,-0.07100219918316053,0.3085,-0.08997050147492636,0.2918,0.00933932895191969,0.2957,-0.0037061994609164373
121,1677974400000,ONG/USDT,0.2961,0.001352722353736846,0.2971,-0.036952998379254476,0.2899,-0.006511309115832753,0.2924,-0.01115995941832948
122,1678060800000,ONG/USDT,0.2926,-0.011820330969266934,0.2966,-0.0016829350387075337,0.28,-0.0341497067954466,0.296,0.012311901504787892
123,1678147200000,ONG/USDT,0.2969,0.014695830485303985,0.3142,0.05933917734322325,0.282,0.0071428571428568954,0.2867,-0.03141891891891879
124,1678233600000,ONG/USDT,0.2863,-0.035702256652071385,0.2864,-0.08847867600254611,0.2667,-0.05425531914893611,0.2683,-0.06417858388559483
125,1678320000000,ONG/USDT,0.2683,-0.06287111421585756,0.2953,0.031075418994413573,0.2444,-0.08361454818147729,0.2493,-0.07081625046589635
126,1678406400000,ONG/USDT,0.2496,-0.0696980991427506,0.2956,0.0010159160176090865,0.2296,-0.060556464811784005,0.2501,0.003208985158443589
127,1678492800000,ONG/USDT,0.2504,0.0032051282051281937,0.2557,-0.1349797023004059,0.2377,0.03527874564459932,0.2498,-0.0011995201919232645
128,1678579200000,ONG/USDT,0.249,-0.005591054313099142,0.2676,0.046538912788423925,0.2435,0.024400504838031134,0.2676,0.07125700560448367
129,1678665600000,ONG/USDT,0.2674,0.07389558232931748,0.2845,0.0631539611360239,0.2608,0.07104722792607787,0.2842,0.06203288490283998
130,1678752000000,ONG/USDT,0.2845,0.06394913986536999,0.2986,0.049560632688927964,0.2741,0.050996932515337656,0.2932,0.03166783954961305
131,1678838400000,ONG/USDT,0.2931,0.03022847100175774,0.2967,-0.006363027461486759,0.273,-0.004013133892739829,0.2792,-0.0477489768076399
132,1678924800000,ONG/USDT,0.2792,-0.04742408734220405,0.2907,-0.020222446916076886,0.2757,0.009890109890109855,0.2907,0.041189111747851115
133,1679011200000,ONG/USDT,0.2907,0.041189111747851115,0.3187,0.09631922944616433,0.2867,0.03989844033369616,0.3167,0.08943928448572391
134,1679097600000,ONG/USDT,0.3167,0.08943928448572391,0.3171,-0.0050203953561342995,0.2965,0.034182071852110196,0.302,-0.04641616671929272
135,1679184000000,ONG/USDT,0.3015,-0.04799494790022096,0.312,-0.016083254493850507,0.2977,0.004047217537942682,0.3095,0.024834437086092676
136,1679270400000,ONG/USDT,0.3096,0.02686567164179099,0.3122,0.0006410256410256387,0.2862,-0.03862949277796446,0.2931,-0.052988691437802826
137,1679356800000,ONG/USDT,0.2936,-0.0516795865633074,0.2999,-0.039397821909032626,0.283,-0.011180992313067906,0.2972,0.013988399863527734
138,1679443200000,ONG/USDT,0.297,0.011580381471389511,0.2977,-0.007335778592864273,0.2752,-0.027561837455830296,0.2816,-0.05248990578734858
139,1679529600000,ONG/USDT,0.2805,-0.05555555555555547,0.3286,0.10379576755122599,0.2805,0.01925872093023262,0.2937,0.04296875
140,1679616000000,ONG/USDT,0.2934,0.04598930481283414,0.2965,-0.09768715763846625,0.2826,0.007486631016042855,0.287,-0.02281239359891063
141,1679702400000,ONG/USDT,0.287,-0.021813224267212106,0.29,-0.021922428330522825,0.2828,0.0007077140835101137,0.286,-0.0034843205574912606
142,1679788800000,ONG/USDT,0.286,-0.0034843205574912606,0.2916,0.0055172413793105335,0.2844,0.005657708628005631,0.29,0.013986013986013957
143,1679875200000,ONG/USDT,0.2903,0.015034965034965042,0.3167,0.08607681755829888,0.2673,-0.060126582278481,0.2744,-0.053793103448275925
144,1679961600000,ONG/USDT,0.2744,-0.054770926627626726,0.2955,-0.06694032207136091,0.27,0.010101010101010166,0.2793,0.017857142857143016
145,1680048000000,ONG/USDT,0.2798,0.019679300291545188,0.2893,-0.020981387478849367,0.2778,0.028888888888888742,0.2882,0.0318653777300395
146,1680134400000,ONG/USDT,0.2889,0.032523230879199394,0.2947,0.018665744901486425,0.284,0.022318214542836445,0.2933,0.01769604441360162
147,1680220800000,ONG/USDT,0.2938,0.016960886119764762,0.2986,0.013233797081777965,0.2833,-0.0024647887323943074,0.2979,0.01568360040913741
148,1680307200000,ONG/USDT,0.2979,0.013955071477195435,0.3127,0.0472203616878768,0.2947,0.04024002823861639,0.308,0.03390399462907023
149,1680393600000,ONG/USDT,0.3089,0.03692514266532387,0.345,0.10329389190917815,0.294,-0.002375296912114133,0.2973,-0.03474025974025974
150,1680480000000,ONG/USDT,0.2979,-0.03561022984784723,0.2984,-0.13507246376811588,0.2856,-0.02857142857142847,0.2908,-0.021863437605112668
151,1680566400000,ONG/USDT,0.2915,-0.0214837193689158,0.2989,0.0016756032171580948,0.2882,0.0091036414565826,0.2973,0.02235213204951858
152,1680652800000,ONG/USDT,0.2975,0.020583190394511064,0.3067,0.026095684175309275,0.2955,0.025329632199861063,0.3061,0.029599730911537003
153,1680739200000,ONG/USDT,0.3068,0.031260504201680694,0.3439,0.12129116400391271,0.3046,0.030795262267343526,0.3096,0.011434171839268314
154,1680825600000,ONG/USDT,0.3095,0.008800521512385862,0.3129,-0.09014248328002317,0.2982,-0.02101116217990795,0.3019,-0.024870801033591627
155,1680912000000,ONG/USDT,0.3017,-0.025201938610662222,0.3028,-0.03227868328539474,0.295,-0.010731052984574219,0.2991,-0.009274594236502232
156,1680998400000,ONG/USDT,0.299,-0.00894928737156131,0.3028,0.0,0.2916,-0.011525423728813378,0.3024,0.011033099297893756
157,1681084800000,ONG/USDT,0.3024,0.011371237458194017,0.3185,0.0518494055482166,0.2942,0.008916323731138487,0.3048,0.007936507936507908
158,1681171200000,ONG/USDT,0.3049,0.008267195767195812,0.3092,-0.029199372056515016,0.3016,0.02515295717199173,0.3042,-0.0019685039370078705
159,1681257600000,ONG/USDT,0.3042,-0.0022958346999015777,0.3043,-0.015847347994825234,0.2952,-0.021220159151193463,0.2991,-0.016765285996055423
160,1681344000000,ONG/USDT,0.2997,-0.014792899408283988,0.3056,0.0042720999014129735,0.2972,0.006775067750677488,0.3053,0.020728853226345878
161,1681430400000,ONG/USDT,0.3049,0.017350684017350515,0.313,0.024214659685863893,0.303,0.019515477792731994,0.3096,0.014084507042253502
162,1681516800000,ONG/USDT,0.3095,0.015086913742210495,0.3126,-0.0012779552715654896,0.3046,0.005280528052805211,0.3107,0.0035529715762272485
163,1681603200000,ONG/USDT,0.3107,0.0038772213247171283,0.3282,0.0499040307101728,0.3107,0.020026263952724888,0.3166,0.01898937882201479
164,1681689600000,ONG/USDT,0.317,0.020276794335371884,0.3247,-0.010664229128580116,0.3108,0.0003218538783393843,0.3182,0.005053695514845247
165,1681776000000,ONG/USDT,0.3181,0.0034700315457412145,0.3202,-0.013858946720049281,0.3122,0.0045045045045044585,0.3189,0.0021998742928976966
166,1681862400000,ONG/USDT,0.3187,0.0018861993083936213,0.3206,0.0012492192379762734,0.2914,-0.06662395900064055,0.293,-0.08121668234556301
167,1681948800000,ONG/USDT,0.2928,-0.08126764982742385,0.2969,-0.07392389270118527,0.2872,-0.014413177762525708,0.2943,0.004436860068259385
168,1682035200000,ONG/USDT,0.2936,0.002732240437158584,0.2981,0.004041764904008094,0.2817,-0.019150417827298094,0.285,-0.03160040774719686
169,1682121600000,ONG/USDT,0.2842,-0.032016348773842074,0.2945,-0.012076484401207677,0.281,-0.002484913028043989,0.2937,0.030526315789473735
170,1682208000000,ONG/USDT,0.2941,0.034834623504574225,0.3169,0.07606112054329373,0.2826,0.005693950177935836,0.2909,-0.009533537623425348
171,1682294400000,ONG/USDT,0.2908,-0.01122067324039433,0.2913,-0.08078258125591675,0.2789,-0.01309271054493999,0.2837,-0.02475077346167065
172,1682380800000,ONG/USDT,0.2838,-0.02407152682255853,0.2868,-0.015447991761071034,0.274,-0.017569021154535513,0.2868,0.010927035600986956
173,1682467200000,ONG/USDT,0.2868,0.010570824524313016,0.2928,0.02092050209205021,0.2773,0.01204379562043778,0.2842,-0.009065550906555031
174,1682553600000,ONG/USDT,0.2845,-0.008019525801952643,0.2889,-0.013319672131147597,0.2805,0.011539848539487974,0.2872,0.010555946516537684
175,1682640000000,ONG/USDT,0.2871,0.00913884007029897,0.2871,-0.006230529595015466,0.2819,0.004991087344028422,0.2861,-0.003830083565459552
176,1682726400000,ONG/USDT,0.2863,-0.0027864855451062986,0.2891,0.006966213862765525,0.2844,0.00886839304717979,0.2878,0.00594197832925536
177,1682812800000,ONG/USDT,0.2878,0.005239259517988204,0.289,-0.0003459010722934863,0.2834,-0.0035161744022503827,0.2834,-0.015288394718554588
178,1682899200000,ONG/USDT,0.2843,-0.01216122307157752,0.2845,-0.01557093425605538,0.2741,-0.032815808045165706,0.2785,-0.017290049400141005
179,1682985600000,ONG/USDT,0.2782,-0.021456208230742124,0.2792,-0.018629173989455072,0.2663,-0.028456767603064703,0.278,-0.0017953321364452268
0,1667520000000,ADX/USDT,0.1657,,0.174,,0.1653,,0.1728,
1,1667606400000,ADX/USDT,0.1726,0.04164152082076056,0.1751,0.006321839080459801,0.1699,0.027828191167573957,0.1702,-0.015046296296296391
2,1667692800000,ADX/USDT,0.1702,-0.013904982618771822,0.192,0.09651627641347793,0.1682,-0.010005885815185467,0.1751,0.028789659224441877
3,1667779200000,ADX/USDT,0.1752,0.029377203290246845,0.1871,-0.025520833333333437,0.1735,0.031510107015457756,0.1742,-0.0051399200456881955
4,1667865600000,ADX/USDT,0.1741,-0.006278538812785284,0.1747,-0.06627471940138963,0.1391,-0.19827089337175785,0.147,-0.15614236509758894
5,1667952000000,ADX/USDT,0.147,-0.15565766800689262,0.147,-0.1585575271894677,0.1091,-0.21567217828900076,0.1129,-0.23197278911564623
6,1668038400000,ADX/USDT,0.1128,-0.2326530612244898,0.1374,-0.0653061224489796,0.1054,-0.033913840513290605,0.1286,0.13906111603188664
7,1668124800000,ADX/USDT,0.1287,0.14095744680851063,0.1289,-0.06186317321688506,0.1171,0.11100569259962056,0.1245,-0.03188180404354579
8,1668211200000,ADX/USDT,0.1246,-0.031857031857031926,0.1264,-0.019394879751745364,0.1213,0.03586678052946213,0.1228,-0.013654618473895486
9,1668297600000,ADX/USDT,0.1227,-0.015248796147672494,0.1286,0.01740506329113911,0.1178,-0.028854080791426262,0.1197,-0.025244299674267112
10,1668384000000,ADX/USDT,0.1195,-0.026079869600652117,0.1279,-0.005443234836702837,0.1139,-0.03310696095076404,0.1271,0.061821219715956444
11,1668470400000,ADX/USDT,0.127,0.06276150627615062,0.1276,-0.0023455824863176655,0.1228,0.07813871817383666,0.1238,-0.02596380802517706
12,1668556800000,ADX/USDT,0.1239,-0.024409448818897728,0.126,-0.01253918495297801,0.1175,-0.0431596091205213,0.1227,-0.008885298869143687
13,1668643200000,ADX/USDT,0.1227,-0.009685230024213065,0.1259,-0.0007936507936506798,0.12,0.02127659574468077,0.1201,-0.021189894050529734
14,1668729600000,ADX/USDT,0.1201,-0.021189894050529734,0.1227,-0.025416997617156545,0.12,0.0,0.1226,0.020815986677768628
15,1668816000000,ADX/USDT,0.1224,0.019150707743547102,0.1281,0.044009779951100114,0.1204,0.0033333333333334103,0.1228,0.0016313213703100793
16,1668902400000,ADX/USDT,0.1227,0.002450980392156854,0.1384,0.08040593286494935,0.1175,-0.02408637873754149,0.1202,-0.021172638436482094
17,1668988800000,ADX/USDT,0.1202,-0.02037489812550941,0.1239,-0.10476878612716767,0.1136,-0.03319148936170202,0.1198,-0.0033277870216306127
18,1669075200000,ADX/USDT,0.1198,-0.0033277870216306127,0.1259,0.016142050040355294,0.1176,0.035211267605633756,0.1225,0.022537562604340478
19,1669161600000,ADX/USDT,0.1226,0.023372287145241977,0.1288,0.023034154090547876,0.1222,0.03911564625850339,0.1286,0.04979591836734687
20,1669248000000,ADX/USDT,0.1287,0.049755301794453644,0.1321,0.025621118012422395,0.1251,0.023731587561374612,0.1265,-0.016329704510108844
21,1669334400000,ADX/USDT,0.1265,-0.017094017094017144,0.1319,-0.0015140045420136694,0.121,-0.03277378097521977,0.1264,-0.0007905138339919793
22,1669420800000,ADX/USDT,0.1265,0.0,0.1314,-0.0037907505686125553,0.1247,0.03057851239669418,0.1275,0.008702531645569556
23,1669507200000,ADX/USDT,0.1274,0.007114624505929035,0.1324,0.007610350076103556,0.1274,0.02165196471531683,0.1285,0.007843137254901933
24,1669593600000,ADX/USDT,0.1286,0.009419152276294973,0.1362,0.028700906344410804,0.1232,-0.03296703296703307,0.1326,0.031906614785992105
25,1669680000000,ADX/USDT,0.1325,0.03032659409020222,0.1413,0.037444933920705026,0.1299,0.05438311688311681,0.1305,-0.015837104072398134
26,1669766400000,ADX/USDT,0.1305,-0.015094339622641506,0.1421,0.0056617126680820196,0.1305,0.004618937644341958,0.1394,0.06819923371647496
27,1669852800000,ADX/USDT,0.1394,0.06819923371647496,0.1398,-0.016185784658691027,0.134,0.026819923371647514,0.1342,-0.03730272596843598
28,1669939200000,ADX/USDT,0.1343,-0.03658536585365846,0.1408,0.007153075822603716,0.1333,-0.0052238805970149516,0.1391,0.03651266766020855
29,1670025600000,ADX/USDT,0.139,0.034996276991809516,0.1482,0.05255681818181812,0.1351,0.013503375843960885,0.1354,-0.026599568655643502
30,1670112000000,ADX/USDT,0.1352,-0.02733812949640302,0.1393,-0.06005398110661264,0.1352,0.0007401924500369805,0.1376,0.01624815361890697
31,1670198400000,ADX/USDT,0.1377,0.018491124260355152,0.1407,0.010050251256281229,0.136,0.005917159763313862,0.1376,0.0
32,1670284800000,ADX/USDT,0.1378,0.0007262164124910431,0.14,-0.004975124378109319,0.136,0.0,0.1381,0.00363372093023262
33,1670371200000,ADX/USDT,0.1381,0.002177068214804123,0.1399,-0.0007142857142857784,0.1299,-0.04485294117647076,0.1321,-0.04344677769732086
34,1670457600000,ADX/USDT,0.1321,-0.04344677769732086,0.136,-0.027877055039313703,0.1309,0.007698229407236301,0.1349,0.021196063588190706
35,1670544000000,ADX/USDT,0.1348,0.020439061317184093,0.1444,0.061764705882352944,0.1342,0.025210084033613578,0.1382,0.024462564862861358
36,1670630400000,ADX/USDT,0.1382,0.0252225519287832,0.1423,-0.01454293628808856,0.1374,0.023845007451564593,0.1421,0.02821997105644014
37,1670716800000,ADX/USDT,0.1419,0.02677279305354574,0.1431,0.005621925509486925,0.1373,-0.0007278020378456151,0.1374,-0.03307529908515139
38,1670803200000,ADX/USDT,0.1373,-0.03241719520789288,0.1427,-0.002795248078267032,0.1345,-0.02039329934450107,0.1392,0.013100436681222627
39,1670889600000,ADX/USDT,0.1391,0.013109978150036339,0.1392,-0.02452697967764539,0.1307,-0.028252788104089155,0.1349,-0.030890804597701105
40,1670976000000,ADX/USDT,0.1348,-0.030913012221423397,0.1363,-0.02083333333333326,0.1322,0.011476664116296886,0.1327,-0.016308376575240757
41,1671062400000,ADX/USDT,0.1327,-0.015578635014836695,0.135,-0.009537784299339713,0.1304,-0.013615733736762614,0.1308,-0.01431801055011317
42,1671148800000,ADX/USDT,0.1308,-0.01431801055011317,0.1335,-0.011111111111111072,0.1171,-0.10199386503067476,0.1172,-0.10397553516819569
43,1671235200000,ADX/USDT,0.117,-0.10550458715596323,0.1221,-0.08539325842696632,0.116,-0.009393680614859012,0.1209,0.031569965870307026
44,1671321600000,ADX/USDT,0.1209,0.033333333333333215,0.1209,-0.00982800982800991,0.1184,0.020689655172413834,0.1188,-0.017369727047146344
45,1671408000000,ADX/USDT,0.1188,-0.017369727047146344,0.1226,0.014061207609594728,0.1158,-0.02195945945945954,0.1158,-0.025252525252525304
46,1671494400000,ADX/USDT,0.1164,-0.02020202020202022,0.1244,0.014681892332789603,0.1163,0.0043177892918826455,0.1212,0.04663212435233155
47,1671580800000,ADX/USDT,0.1212,0.04123711340206193,0.1245,0.000803858520900258,0.1187,0.020636285468615734,0.1228,0.013201320132013139
48,1671667200000,ADX/USDT,0.1228,0.013201320132013139,0.127,0.02008032128514059,0.1194,0.005897219882055715,0.1219,-0.007328990228013144
49,1671753600000,ADX/USDT,0.122,-0.00651465798045614,0.1238,-0.025196850393700898,0.1207,0.010887772194304812,0.1215,-0.003281378178835115
50,1671840000000,ADX/USDT,0.1216,-0.003278688524590123,0.1246,0.00646203554119551,0.1216,0.0074565037282519064,0.1225,0.008230452674897082
51,1671926400000,ADX/USDT,0.1225,0.0074013157894736725,0.1241,-0.0040128410914928025,0.1196,-0.016447368421052655,0.1197,-0.022857142857142798
52,1672012800000,ADX/USDT,0.1196,-0.023673469387755053,0.1225,-0.012892828364222453,0.1185,-0.009197324414715768,0.1212,0.012531328320801949
53,1672099200000,ADX/USDT,0.1212,0.013377926421404673,0.1214,-0.00897959183673469,0.117,-0.012658227848101111,0.1182,-0.024752475247524774
54,1672185600000,ADX/USDT,0.1183,-0.02392739273927391,0.1184,-0.02471169686985164,0.1132,-0.032478632478632585,0.1143,-0.032994923857868064
55,1672272000000,ADX/USDT,0.1142,-0.03465765004226551,0.1168,-0.013513513513513598,0.114,0.007067137809187329,0.115,0.006124234470691325
56,1672358400000,ADX/USDT,0.115,0.00700525394045548,0.1162,-0.005136986301369939,0.1076,-0.056140350877193046,0.1109,-0.03565217391304354
57,1672444800000,ADX/USDT,0.111,-0.034782608695652195,0.1118,-0.03786574870912218,0.1104,0.026022304832713727,0.1107,-0.0018034265103695768
58,1672531200000,ADX/USDT,0.1107,-0.002702702702702675,0.1111,-0.0062611806797853164,0.1095,-0.008152173913043459,0.1105,-0.0018066847335140857
59,1672617600000,ADX/USDT,0.1105,-0.0018066847335140857,0.1223,0.10081008100810074,0.1098,0.002739726027397138,0.1151,0.04162895927601795
60,1672704000000,ADX/USDT,0.115,0.040723981900452566,0.1153,-0.05723630417007364,0.113,0.029143897996357193,0.1134,-0.01476976542137265
61,1672790400000,ADX/USDT,0.1134,-0.013913043478260945,0.1192,0.033824804856894986,0.1133,0.0026548672566371057,0.1159,0.022045855379188684
62,1672876800000,ADX/USDT,0.1159,0.022045855379188684,0.1212,0.016778523489932917,0.1149,0.014121800529567574,0.1179,0.01725625539257991
63,1672963200000,ADX/USDT,0.118,0.018119068162208762,0.1194,-0.014851485148514865,0.1161,0.010443864229764843,0.1183,0.003392705682782049
64,1673049600000,ADX/USDT,0.1182,0.0016949152542373724,0.1212,0.015075376884422065,0.1173,0.010335917312661591,0.1199,0.013524936601859716
65,1673136000000,ADX/USDT,0.1198,0.013536379018612488,0.1208,-0.0033003300330032292,0.1193,0.01705029838022165,0.1204,0.004170141784820558
66,1673222400000,ADX/USDT,0.1204,0.005008347245408995,0.1246,0.0314569536423841,0.1203,0.0083822296730931,0.1205,0.0008305647840531893
67,1673308800000,ADX/USDT,0.1206,0.0016611295681063787,0.1227,-0.015248796147672494,0.1194,-0.007481296758104716,0.1219,0.011618257261410747
68,1673395200000,ADX/USDT,0.1218,0.00995024875621886,0.1245,0.014669926650366705,0.1202,0.00670016750418756,0.1245,0.021328958162428302
69,1673481600000,ADX/USDT,0.1244,0.021346469622331554,0.1262,0.013654618473895708,0.1224,0.01830282861896837,0.1255,0.008032128514056325
70,1673568000000,ADX/USDT,0.1256,0.009646302250803762,0.1313,0.04041204437400947,0.1247,0.01879084967320277,0.1309,0.04302788844621497
71,1673654400000,ADX/USDT,0.1307,0.04060509554140146,0.1373,0.045696877380045686,0.1307,0.04811547714514841,0.1334,0.01909854851031323
72,1673740800000,ADX/USDT,0.1334,0.020657995409334218,0.134,-0.024034959941733436,0.1302,-0.0038255547054323324,0.1337,0.002248875562218977
73,1673827200000,ADX/USDT,0.1335,0.0007496251874063997,0.1395,0.04104477611940305,0.1334,0.02457757296466956,0.1382,0.03365744203440513
74,1673913600000,ADX/USDT,0.1382,0.03520599250936307,0.14,0.0035842293906809264,0.1362,0.020989505247376306,0.1363,-0.013748191027496248
75,1674000000000,ADX/USDT,0.1364,-0.013024602026049159,0.1424,0.017142857142857126,0.1255,-0.07856093979441992,0.135,-0.009537784299339713
76,1674086400000,ADX/USDT,0.1349,-0.010997067448680342,0.1365,-0.04143258426966279,0.1318,0.05019920318725091,0.1345,-0.0037037037037036535
77,1674172800000,ADX/USDT,0.1345,-0.002965159377316451,0.1424,0.04322344322344307,0.133,0.009104704097116834,0.1415,0.052044609665427455
78,1674259200000,ADX/USDT,0.1417,0.053531598513010925,0.1443,0.013342696629213613,0.1397,0.05037593984962396,0.1406,-0.006360424028268419
79,1674345600000,ADX/USDT,0.1407,-0.007057163020465773,0.143,-0.009009009009009139,0.1386,-0.007874015748031371,0.1412,0.00426742532005675
80,1674432000000,ADX/USDT,0.1411,0.00284292821606269,0.6,3.195804195804196,0.1411,0.018037518037518074,0.2483,0.7584985835694051
81,1674518400000,ADX/USDT,0.248,0.7576187101346563,0.2738,-0.5436666666666667,0.2,0.417434443656981,0.2024,-0.18485702778896496
82,1674604800000,ADX/USDT,0.2024,-0.18387096774193545,0.2339,-0.14572680788897008,0.1881,-0.05950000000000011,0.2028,0.0019762845849802257
83,1674691200000,ADX/USDT,0.2029,0.0024703557312253377,0.2069,-0.11543394613082514,0.1924,0.02286018075491758,0.1932,-0.047337278106508895
84,1674777600000,ADX/USDT,0.1932,-0.04780680137999005,0.1973,-0.04639922667955532,0.1867,-0.029625779625779503,0.192,-0.006211180124223614
85,1674864000000,ADX/USDT,0.1922,-0.005175983436852993,0.2182,0.10593005575266101,0.1877,0.005356186395286455,0.1958,0.019791666666666652
86,1674950400000,ADX/USDT,0.1963,0.021331945889698112,0.1989,-0.08845096241979844,0.1926,0.026105487480021283,0.1936,-0.011235955056179803
87,1675036800000,ADX/USDT,0.1937,-0.013245033112582738,0.1941,-0.02413273001508298,0.1759,-0.08670820353063335,0.1776,-0.0826446280991735
88,1675123200000,ADX/USDT,0.1777,-0.08260196179659274,0.1922,-0.00978876867594014,0.1766,0.003979533826037551,0.1808,0.018018018018017834
89,1675209600000,ADX/USDT,0.1809,0.018007878446820502,0.1856,-0.03433922996878258,0.1723,-0.024348810872027116,0.1843,0.01935840707964598
90,1675296000000,ADX/USDT,0.1842,0.018242122719734688,0.1943,0.046875,0.1812,0.051654091700522375,0.184,-0.0016277807921866172
91,1675382400000,ADX/USDT,0.184,-0.0010857763300760048,0.1888,-0.02830674215131246,0.1822,0.0055187637969094094,0.1849,0.004891304347826253
92,1675468800000,ADX/USDT,0.1851,0.0059782608695651,0.189,0.0010593220338983578,0.1837,0.008232711306256801,0.1842,-0.0037858301784748916
93,1675555200000,ADX/USDT,0.1843,-0.00432198811453266,0.1934,0.023280423280423124,0.1832,-0.0027218290691344293,0.1911,0.037459283387622166
94,1675641600000,ADX/USDT,0.191,0.03635377102550197,0.1946,0.006204756980351611,0.1866,0.018558951965065518,0.1884,-0.01412872841444257
95,1675728000000,ADX/USDT,0.1886,-0.012565445026178068,0.197,0.012332990750256956,0.1883,0.009110396570203738,0.1957,0.03874734607218677
96,1675814400000,ADX/USDT,0.1957,0.037645811240721194,0.1983,0.006598984771573502,0.1841,-0.022304832713754497,0.1859,-0.050076647930505924
97,1675900800000,ADX/USDT,0.1859,-0.050076647930505924,0.1867,-0.058497226424609194,0.1683,-0.08582292232482347,0.1692,-0.0898332436793976
98,1675987200000,ADX/USDT,0.1692,-0.0898332436793976,0.1886,0.010176754151044465,0.1681,-0.0011883541295306665,0.1743,0.030141843971631443
99,1676073600000,ADX/USDT,0.1744,0.030732860520094718,0.1788,-0.051961823966065745,0.1735,0.032123735871504966,0.1782,0.022375215146299476
100,1676160000000,ADX/USDT,0.1785,0.023509174311926673,0.1804,0.008948545861297674,0.1736,0.0005763688760807018,0.174,-0.023569023569023573
101,1676246400000,ADX/USDT,0.1739,-0.025770308123249208,0.1747,-0.03159645232815966,0.1642,-0.05414746543778792,0.1686,-0.03103448275862064
102,1676332800000,ADX/USDT,0.1687,-0.029902242668200185,0.1838,0.05208929593589007,0.1671,0.017661388550548107,0.1806,0.07117437722419928
103,1676419200000,ADX/USDT,0.1804,0.06935388263189113,0.1889,0.027747551686615912,0.1785,0.06822262118491906,0.1882,0.042081949058693224
104,1676505600000,ADX/USDT,0.188,0.042128603104212736,0.2274,0.20381154049761774,0.1819,0.019047619047619202,0.1839,-0.02284803400637614
105,1676592000000,ADX/USDT,0.1837,-0.02287234042553188,0.1961,-0.1376429199648197,0.1829,0.005497526113249052,0.192,0.04404567699836859
106,1676678400000,ADX/USDT,0.1921,0.04572672836145886,0.2089,0.06527281998980117,0.1919,0.04920721705850184,0.2004,0.043749999999999956
107,1676764800000,ADX/USDT,0.2002,0.04216553878188445,0.2049,-0.019147917663954073,0.1945,0.01354872329338197,0.1948,-0.027944111776447067
108,1676851200000,ADX/USDT,0.1949,-0.02647352647352652,0.222,0.0834553440702781,0.1929,-0.00822622107969162,0.2186,0.12217659137576997
109,1676937600000,ADX/USDT,0.2182,0.11954848640328386,0.2188,-0.01441441441441449,0.2017,0.04561949196474857,0.207,-0.05306495882891127
110,1677024000000,ADX/USDT,0.2071,-0.0508707607699358,0.2083,-0.04798903107861052,0.1944,-0.03619236489836386,0.2012,-0.02801932367149762
111,1677110400000,ADX/USDT,0.201,-0.029454369869628128,0.213,0.022563610177628313,0.1995,0.026234567901234573,0.2089,0.038270377733598426
112,1677196800000,ADX/USDT,0.2087,0.038308457711442756,0.2119,-0.00516431924882621,0.1918,-0.038596491228070184,0.1938,-0.07228338918142652
113,1677283200000,ADX/USDT,0.1938,-0.07139434595112604,0.1949,-0.08022652194431346,0.1857,-0.031803962460896784,0.1897,-0.02115583075335392
114,1677369600000,ADX/USDT,0.1896,-0.021671826625387025,0.1958,0.004617752693689026,0.1881,0.012924071082390798,0.1939,0.022140221402213944
115,1677456000000,ADX/USDT,0.1941,0.02373417721519,0.1981,0.011746680286006006,0.1904,0.012227538543328142,0.1943,0.002062919030428212
116,1677542400000,ADX/USDT,0.1945,0.002060793405461059,0.197,-0.005552751135789902,0.1863,-0.021533613445378297,0.1864,-0.04065877509006688
117,1677628800000,ADX/USDT,0.1864,-0.04164524421593829,0.2242,0.13807106598984764,0.1852,-0.005904455179817414,0.2081,0.11641630901287559
118,1677715200000,ADX/USDT,0.2081,0.11641630901287559,0.2286,0.019625334522747506,0.198,0.06911447084233258,0.2,-0.03892359442575688
119,1677801600000,ADX/USDT,0.2,-0.03892359442575688,0.2016,-0.11811023622047245,0.1833,-0.07424242424242433,0.1843,-0.07850000000000013
120,1677888000000,ADX/USDT,0.1843,-0.07850000000000013,0.1958,-0.02876984126984128,0.1776,-0.03109656301145658,0.181,-0.017905588714053122
121,1677974400000,ADX/USDT,0.1809,-0.018448182311448624,0.1925,-0.016853932584269704,0.18,0.013513513513513375,0.1844,0.01878453038674044
122,1678060800000,ADX/USDT,0.1845,0.01990049751243772,0.1847,-0.04051948051948051,0.1806,0.0033333333333334103,0.1816,-0.015184381778741818
123,1678147200000,ADX/USDT,0.1818,-0.014634146341463428,0.2005,0.08554412560909586,0.1762,-0.02436323366555937,0.1832,0.008810572687224516
124,1678233600000,ADX/USDT,0.1833,0.008250825082508184,0.1952,-0.026433915211970027,0.1786,0.013620885357548351,0.1811,-0.011462882096069826
125,1678320000000,ADX/USDT,0.1811,-0.012002182214948087,0.1906,-0.023565573770491954,0.1629,-0.08790593505039201,0.165,-0.08890115958034239
126,1678406400000,ADX/USDT,0.165,-0.08890115958034239,0.1654,-0.13221406086044074,0.154,-0.05463474524248002,0.1608,-0.025454545454545507
127,1678492800000,ADX/USDT,0.1607,-0.026060606060606006,0.1681,0.016324062877871803,0.1527,-0.008441558441558361,0.158,-0.01741293532338306
128,1678579200000,ADX/USDT,0.158,-0.01680149346608595,0.1714,0.019631171921475232,0.1565,0.024885396201702603,0.171,0.08227848101265822
129,1678665600000,ADX/USDT,0.1711,0.08291139240506329,0.1899,0.10793465577596284,0.17,0.08626198083067105,0.1854,0.08421052631578951
130,1678752000000,ADX/USDT,0.1854,0.08357685563997674,0.1963,0.0337019483938914,0.1801,0.059411764705882275,0.1925,0.03829557713052867
131,1678838400000,ADX/USDT,0.1925,0.03829557713052867,0.1959,-0.002037697401935823,0.1776,-0.013881177123820088,0.1801,-0.06441558441558437
132,1678924800000,ADX/USDT,0.1801,-0.06441558441558437,0.1841,-0.06023481368044914,0.1784,0.0045045045045044585,0.181,0.0049972237645752315
133,1679011200000,ADX/USDT,0.181,0.0049972237645752315,0.1903,0.03367734926670285,0.1799,0.008408071748879031,0.19,0.04972375690607733
134,1679097600000,ADX/USDT,0.19,0.04972375690607733,0.1973,0.03678402522333157,0.1829,0.016675931072818173,0.1871,-0.015263157894736867
135,1679184000000,ADX/USDT,0.1871,-0.015263157894736867,0.197,-0.001520527116066872,0.1871,0.02296336796063403,0.1924,0.028327097808658497
136,1679270400000,ADX/USDT,0.1922,0.027258150721539476,0.1932,-0.019289340101522834,0.1808,-0.03367183324425438,0.1811,-0.05873180873180861
137,1679356800000,ADX/USDT,0.1811,-0.05775234131113427,0.1874,-0.03002070393374745,0.1773,-0.019358407079645867,0.1854,0.02374378796245158
138,1679443200000,ADX/USDT,0.1856,0.024848150193263363,0.1859,-0.008004268943436532,0.1718,-0.031020868584320405,0.1737,-0.06310679611650494
139,1679529600000,ADX/USDT,0.1737,-0.06411637931034475,0.1845,-0.007530930607853703,0.1735,0.009895227008148932,0.1821,0.04835924006908465
140,1679616000000,ADX/USDT,0.1817,0.04605641911341407,0.182,-0.013550135501354976,0.1716,-0.010951008645533,0.1726,-0.052169137836353685
141,1679702400000,ADX/USDT,0.1724,-0.05118326912493121,0.1743,-0.04230769230769227,0.1689,-0.01573426573426573,0.1713,-0.007531865585167941
142,1679788800000,ADX/USDT,0.1711,-0.007540603248259781,0.1786,0.024670109007458363,0.1707,0.010657193605683846,0.1778,0.03794512551079987
143,1679875200000,ADX/USDT,0.1778,0.039158386908240805,0.1836,0.027995520716685318,0.1693,-0.008201523140011657,0.1721,-0.032058492688413986
144,1679961600000,ADX/USDT,0.1723,-0.030933633295838092,0.1769,-0.036492374727668864,0.1696,0.0017720023626697223,0.1763,0.02440441603718768
145,1680048000000,ADX/USDT,0.1762,0.022634939059779313,0.1818,0.02769926512153753,0.1752,0.03301886792452824,0.18,0.020986954055586926
146,1680134400000,ADX/USDT,0.18,0.02156640181611813,0.1832,0.007700770077007757,0.1761,0.005136986301369939,0.1779,-0.011666666666666603
147,1680220800000,ADX/USDT,0.1779,-0.011666666666666603,0.205,0.11899563318777284,0.1775,0.007950028392958552,0.2049,0.15177065767284992
148,1680307200000,ADX/USDT,0.205,0.1523327712197864,0.2099,0.023902439024390265,0.1852,0.043380281690140965,0.1913,-0.06637384089799903
149,1680393600000,ADX/USDT,0.1914,-0.0663414634146342,0.1914,-0.08813720819437831,0.1803,-0.026457883369330526,0.182,-0.04861474124411924
150,1680480000000,ADX/USDT,0.182,-0.04911180773249735,0.1828,-0.04493207941483801,0.176,-0.023849140321686058,0.1795,-0.013736263736263798
151,1680566400000,ADX/USDT,0.1796,-0.01318681318681314,0.1887,0.0322757111597376,0.1786,0.014772727272727382,0.188,0.0473537604456824
152,1680652800000,ADX/USDT,0.1879,0.04621380846325174,0.1886,-0.0005299417064124068,0.1814,0.015677491601343796,0.1852,-0.014893617021276562
153,1680739200000,ADX/USDT,0.1852,-0.014369345396487487,0.1853,-0.017497348886532316,0.1803,-0.006063947078280174,0.1836,-0.008639308855291516
154,1680825600000,ADX/USDT,0.1837,-0.008099352051835873,0.1867,0.007555315704263377,0.1801,-0.0011092623405434265,0.186,0.013071895424836555
155,1680912000000,ADX/USDT,0.1858,0.011431682090364603,0.1943,0.04070701660417786,0.1835,0.01887840088839532,0.1877,0.009139784946236684
156,1680998400000,ADX/USDT,0.1877,0.010226049515608349,0.1965,0.011322696860524895,0.1874,0.02125340599455039,0.1903,0.013851891315929565
157,1681084800000,ADX/USDT,0.1902,0.01331912626531695,0.2,0.01781170483460559,0.19,0.01387406616862319,0.1984,0.042564372044140875
158,1681171200000,ADX/USDT,0.1984,0.04311251314405884,0.1993,-0.0035000000000000586,0.1911,0.0057894736842105665,0.1945,-0.019657258064516014
159,1681257600000,ADX/USDT,0.1946,-0.019153225806451624,0.2008,0.007526342197691882,0.1858,-0.027734170591313445,0.1955,0.005141388174807249
160,1681344000000,ADX/USDT,0.1953,0.003597122302158251,0.1985,-0.01145418326693226,0.1931,0.03928955866523154,0.1956,0.000511508951406503
161,1681430400000,ADX/USDT,0.1956,0.001536098310291889,0.2064,0.039798488664987364,0.1929,-0.0010357327809425998,0.1971,0.0076687116564417845
162,1681516800000,ADX/USDT,0.197,0.007157464212679043,0.2024,-0.019379844961240345,0.1944,0.007776049766718529,0.1983,0.0060882800608828
163,1681603200000,ADX/USDT,0.1983,0.006598984771573502,0.2734,0.35079051383399196,0.1964,0.010288065843621519,0.244,0.2304589006555724
164,1681689600000,ADX/USDT,0.2438,0.22945032778618257,0.2899,0.060351133869787965,0.211,0.07433808553971488,0.2162,-0.11393442622950811
165,1681776000000,ADX/USDT,0.2165,-0.11197703035274809,0.2286,-0.2114522249051397,0.2103,-0.0033175355450236754,0.2145,-0.007863089731729889
166,1681862400000,ADX/USDT,0.2145,-0.009237875288683584,0.2166,-0.05249343832021003,0.1899,-0.09700427960057045,0.1919,-0.10536130536130539
167,1681948800000,ADX/USDT,0.1918,-0.10582750582750577,0.1974,-0.08864265927977832,0.1855,-0.023170089520800463,0.1871,-0.025013027618551287
168,1682035200000,ADX/USDT,0.1875,-0.022419186652763323,0.19,-0.037487335359675744,0.1774,-0.04366576819407009,0.1788,-0.044361304115446254
169,1682121600000,ADX/USDT,0.1785,-0.04800000000000004,0.1918,0.0094736842105263,0.178,0.0033821871476886756,0.1912,0.06935123042505609
170,1682208000000,ADX/USDT,0.191,0.07002801120448177,0.1911,-0.0036496350364964014,0.1796,0.008988764044943975,0.1828,-0.043933054393305526
171,1682294400000,ADX/USDT,0.1825,-0.04450261780104714,0.1837,-0.038723181580324395,0.1764,-0.017817371937639215,0.1815,-0.007111597374179435
172,1682380800000,ADX/USDT,0.1816,-0.004931506849314982,0.188,0.023407729994556314,0.178,0.009070294784580435,0.1854,0.02148760330578514
173,1682467200000,ADX/USDT,0.1853,0.020374449339206846,0.1923,0.02287234042553199,0.1781,0.0005617977528091789,0.1823,-0.01672060409924503
174,1682553600000,ADX/USDT,0.1822,-0.016729627630868826,0.1875,-0.0249609984399376,0.1819,0.02133632790567086,0.1848,0.01371365880416886
175,1682640000000,ADX/USDT,0.1847,0.013721185510428002,0.1862,-0.006933333333333347,0.18,-0.010445299615173265,0.1836,-0.006493506493506329
176,1682726400000,ADX/USDT,0.1838,-0.004872766648619464,0.1904,0.022556390977443552,0.182,0.011111111111111072,0.1856,0.010893246187363648
177,1682812800000,ADX/USDT,0.1856,0.009793253536452662,0.1864,-0.021008403361344574,0.1811,-0.0049450549450548165,0.1814,-0.022629310344827513
178,1682899200000,ADX/USDT,0.1814,-0.022629310344827513,0.1818,-0.024678111587982943,0.171,-0.055770292655991205,0.1734,-0.044101433296582226
179,1682985600000,ADX/USDT,0.1731,-0.04575523704520401,0.177,-0.02640264026402639,0.1727,0.00994152046783614,0.1766,0.018454440599769306
